{"features":[{"geometry":{"type":"Point","coordinates":[-85.8364889003276,41.26810661962886],"crs":null},"type":"Feature","properties":{"county":"Kosciusko","master_ai_id":10507,"facility_type":"Transfer Station","facility_name":"Warsaw Transfer Station","sw_program_id":"43-05"}},{"geometry":{"type":"Point","coordinates":[-86.43457868012197,41.52303178996195],"crs":null},"type":"Feature","properties":{"county":"St Joseph","master_ai_id":37144,"facility_type":"Waste Tire Storage","facility_name":"Liberty Tire Recycling","sw_program_id":"071-S-00531"}},{"geometry":{"type":"Point","coordinates":[-93.38313199999939,44.776716999880826],"crs":null},"type":"Feature","properties":{"county":"Out of State","master_ai_id":25075,"facility_type":"Waste Tire Transporter","facility_name":"Liberty Tire Services of Ohio LLC","sw_program_id":"097-T-00189"}},{"geometry":{"type":"Point","coordinates":[-85.42775700084199,41.80923099994946],"crs":null},"type":"Feature","properties":{"county":"Out of State","master_ai_id":106645,"facility_type":"Waste Tire Transporter","facility_name":"Cobalt Holdings LLC","sw_program_id":"094-T-00573"}},{"geometry":{"type":"Point","coordinates":[-89.37241799987568,38.37338000024995],"crs":null},"type":"Feature","properties":{"county":"Out of State","master_ai_id":108633,"facility_type":"Waste Tire Transporter","facility_name":"NOTS Logistics","sw_program_id":"093-T-00581"}},{"geometry":{"type":"Point","coordinates":[-85.03278600007908,41.52729899951861],"crs":null},"type":"Feature","properties":{"county":"Steuben","master_ai_id":60657,"facility_type":"Waste Tire Transporter","facility_name":"Northeast Indiana Solid Waste Management District","sw_program_id":"076-T-00271"}},{"geometry":{"type":"Point","coordinates":[-85.03278600007908,41.52729899951861],"crs":null},"type":"Feature","properties":{"county":"Steuben","master_ai_id":60657,"facility_type":"Composting (Vegetative)","facility_name":"Northeast Indiana Solid Waste Management District Yard Waste Composting","sw_program_id":"76-03C"}},{"geometry":{"type":"Point","coordinates":[-86.0455780008097,39.8351759999916],"crs":null},"type":"Feature","properties":{"county":"Marion","master_ai_id":133553,"facility_type":"Waste Tire Processing","facility_name":"A & E Tire Recycling LLC","sw_program_id":"049-P-00778"}},{"geometry":{"type":"Point","coordinates":[-87.50852999986209,41.670436999487286],"crs":null},"type":"Feature","properties":{"county":"Lake","master_ai_id":119183,"facility_type":"Waste Tire Transporter","facility_name":"Lake County SWMD","sw_program_id":"045-T-00642"}},{"geometry":{"type":"Point","coordinates":[-86.3083689999475,41.723511999427316],"crs":null},"type":"Feature","properties":{"county":"St Joseph","master_ai_id":12701,"facility_type":"Composting (Vegetative)","facility_name":"Organic Resources","sw_program_id":"71-01C"}},{"geometry":{"type":"Point","coordinates":[-87.71419673019084,37.90826202000087],"crs":null},"type":"Feature","properties":{"county":"Posey","master_ai_id":11785,"facility_type":"Restricted Waste Site Type III","facility_name":"AB Brown RWS III Disposal Facility","sw_program_id":"65-07"}},{"geometry":{"type":"Point","coordinates":[-85.17793309956713,39.09765176032842],"crs":null},"type":"Feature","properties":{"county":"Ripley","master_ai_id":61258,"facility_type":"Waste Tire Processing","facility_name":"T & T Tire Removal","sw_program_id":"069-P-00511"}},{"geometry":{"type":"Point","coordinates":[-85.7345570001016,38.41931700002428],"crs":null},"type":"Feature","properties":{"county":"Clark","master_ai_id":127417,"facility_type":"Transfer Station","facility_name":"Clark County Transfer & Recycling","sw_program_id":"10-013"}},{"geometry":{"type":"Point","coordinates":[-86.4862361101247,39.75164406941994],"crs":null},"type":"Feature","properties":{"county":"Hendricks","master_ai_id":103535,"facility_type":"Composting (Vegetative)","facility_name":"Greencycle County Road 200 East Facility","sw_program_id":"32-05C"}},{"geometry":{"type":"Point","coordinates":[-86.014604000789,40.08145999019554],"crs":null},"type":"Feature","properties":{"county":"Hamilton","master_ai_id":25262,"facility_type":"Composting (Vegetative)","facility_name":"Greencycle of Indiana Composting Site","sw_program_id":"29-04C"}},{"geometry":{"type":"Point","coordinates":[-85.97991699034083,38.36966098976465],"crs":null},"type":"Feature","properties":{"county":"Floyd","master_ai_id":36340,"facility_type":"Composting (Vegetative)","facility_name":"Earth First of Kentuckiana Incorporated","sw_program_id":"22-01C"}},{"geometry":{"type":"Point","coordinates":[-87.2788359999411,41.586986000318724],"crs":null},"type":"Feature","properties":{"county":"Lake","master_ai_id":12783,"facility_type":"Transfer Station","facility_name":"Illiana Transfer 4","sw_program_id":"45-33"}},{"geometry":{"type":"Point","coordinates":[-84.99308699060235,41.074441000352884],"crs":null},"type":"Feature","properties":{"county":"Allen","master_ai_id":7180,"facility_type":"Composting (Vegetative)","facility_name":"New Haven Utility Maintenance Center","sw_program_id":"02-05C"}},{"geometry":{"type":"Point","coordinates":[-86.34614073976837,40.724596830137294],"crs":null},"type":"Feature","properties":{"county":"Cass","master_ai_id":15291,"facility_type":"Municipal Solid Waste Landfill","facility_name":"Oak Ridge Recycling & Disposal Facility","sw_program_id":"09-02"}},{"geometry":{"type":"Point","coordinates":[-87.39877503988657,41.53852193965372],"crs":null},"type":"Feature","properties":{"county":"Lake","master_ai_id":22467,"facility_type":"Waste Tire Transporter","facility_name":"P & C Trucking Enterprises Incorporated","sw_program_id":"045-T-00458"}},{"geometry":{"type":"Point","coordinates":[-94.33510300005587,37.85152799964511],"crs":null},"type":"Feature","properties":{"county":"Out of State","master_ai_id":135480,"facility_type":"Waste Tire Transporter","facility_name":"Bough Enterprises LLC dba David's Tire Recycling","sw_program_id":"998-T-00816"}},{"geometry":{"type":"Point","coordinates":[-85.42361252004572,40.1581033605428],"crs":null},"type":"Feature","properties":{"county":"Delaware","master_ai_id":39541,"facility_type":"Waste Tire Storage","facility_name":"Clearline Operations LLC","sw_program_id":"018-S-00751"}},{"geometry":{"type":"Point","coordinates":[-84.59296500008706,39.274226999910034],"crs":null},"type":"Feature","properties":{"county":"Out of State","master_ai_id":22472,"facility_type":"Waste Tire Transporter","facility_name":"Rumpke Transportation Company LLC","sw_program_id":"095-T-00612"}},{"geometry":{"type":"Point","coordinates":[-87.0941791899074,38.36554400956477],"crs":null},"type":"Feature","properties":{"county":"Pike","master_ai_id":51934,"facility_type":"Construction/Demolition Site","facility_name":"Velpen C-D Landfill, Inc.","sw_program_id":"63-07"}},{"geometry":{"type":"Point","coordinates":[-86.27023712922082,41.543264710023934],"crs":null},"type":"Feature","properties":{"county":"St Joseph","master_ai_id":36928,"facility_type":"Waste Tire Transporter","facility_name":"Hoosier Racing Tire Corporation","sw_program_id":"071-T-00200"}},{"geometry":{"type":"Point","coordinates":[-84.63036800030281,38.96374199949065],"crs":null},"type":"Feature","properties":{"county":"Out of State","master_ai_id":135030,"facility_type":"Waste Tire Transporter","facility_name":"TRAC Tire Services LLC","sw_program_id":"998-T-00807"}},{"geometry":{"type":"Point","coordinates":[-85.15213899987454,40.6615830005891],"crs":null},"type":"Feature","properties":{"county":"Wells","master_ai_id":11938,"facility_type":"Transfer Station","facility_name":"Tonner Transfer Station, LLC","sw_program_id":"90-004"}},{"geometry":{"type":"Point","coordinates":[-85.80091800068914,40.82613599968659],"crs":null},"type":"Feature","properties":{"county":"Wabash","master_ai_id":12144,"facility_type":"Municipal Solid Waste Landfill","facility_name":"Wabash Valley Landfill","sw_program_id":"85-01"}},{"geometry":{"type":"Point","coordinates":[-85.08936478018349,40.37985193968744],"crs":null},"type":"Feature","properties":{"county":"Jay","master_ai_id":12716,"facility_type":"Municipal Solid Waste Landfill","facility_name":"Jay County Landfill","sw_program_id":"38-01"}},{"geometry":{"type":"Point","coordinates":[-86.34614073976837,40.724596830137294],"crs":null},"type":"Feature","properties":{"county":"Cass","master_ai_id":15291,"facility_type":"Municipal Solid Waste Landfill","facility_name":"Oak Ridge Recycling & Disposal Facility East","sw_program_id":"09-05"}},{"geometry":{"type":"Point","coordinates":[-87.19767700057993,41.59391899976157],"crs":null},"type":"Feature","properties":{"county":"Porter","master_ai_id":51942,"facility_type":"Solidification Facility","facility_name":"Reworld Solutions","sw_program_id":"64-09"}},{"geometry":{"type":"Point","coordinates":[-84.8917179997657,39.83414800025268],"crs":null},"type":"Feature","properties":{"county":"Wayne","master_ai_id":13819,"facility_type":"Transfer Station","facility_name":"Richmond Transfer Station","sw_program_id":"89-08"}},{"geometry":{"type":"Point","coordinates":[-85.83594901100592,38.2710050094143],"crs":null},"type":"Feature","properties":{"county":"Floyd","master_ai_id":14648,"facility_type":"Restricted Waste Site Type I","facility_name":"Gallagher Landfill RWS I","sw_program_id":"22-01"}},{"geometry":{"type":"Point","coordinates":[-86.17167486940961,39.79597723030235],"crs":null},"type":"Feature","properties":{"county":"Marion","master_ai_id":14525,"facility_type":"Waste Tire Transporter","facility_name":"Republic Services of Indiana LP","sw_program_id":"049-T-00081"}},{"geometry":{"type":"Point","coordinates":[-86.253830939861,41.64790532008259],"crs":null},"type":"Feature","properties":{"county":"St Joseph","master_ai_id":37272,"facility_type":"Transfer Station","facility_name":"Green Tech Transfer & Recycling","sw_program_id":"71-04"}},{"geometry":{"type":"Point","coordinates":[-86.55514965999055,40.324495520533226],"crs":null},"type":"Feature","properties":{"county":"Clinton","master_ai_id":15693,"facility_type":"Municipal Solid Waste Landfill","facility_name":"Clinton County Landfill","sw_program_id":"12-01"}},{"geometry":{"type":"Point","coordinates":[-84.92970501898238,40.66564865954281],"crs":null},"type":"Feature","properties":{"county":"Adams","master_ai_id":1632,"facility_type":"Composting (Vegetative)","facility_name":"Berne City Waste Water Treatment Plant Site 1","sw_program_id":"01-02C"}},{"geometry":{"type":"Point","coordinates":[-87.42861700000554,39.849513999881495],"crs":null},"type":"Feature","properties":{"county":"Vermillion","master_ai_id":122625,"facility_type":"Waste Tire Processing","facility_name":"Pyrolyx Tire Recycling, LLC dba Preferred Tire Recycling","sw_program_id":"083-P-00758"}},{"geometry":{"type":"Point","coordinates":[-86.12586799976737,39.79790499997316],"crs":null},"type":"Feature","properties":{"county":"Marion","master_ai_id":122704,"facility_type":"Material Recovery Facility","facility_name":"CW Recycling LLC","sw_program_id":"49-066"}},{"geometry":{"type":"Point","coordinates":[-85.726527000147,39.68076299967639],"crs":null},"type":"Feature","properties":{"county":"Shelby","master_ai_id":52046,"facility_type":"Municipal Solid Waste Landfill","facility_name":"Crossroads Eco-Center Landfill","sw_program_id":"73-01"}},{"geometry":{"type":"Point","coordinates":[-85.17793309956713,39.09765176032842],"crs":null},"type":"Feature","properties":{"county":"Ripley","master_ai_id":61258,"facility_type":"Waste Tire Transporter","facility_name":"T & T Tire Removal","sw_program_id":"069-T-00510"}},{"geometry":{"type":"Point","coordinates":[-85.70536500007515,38.15879099988901],"crs":null},"type":"Feature","properties":{"county":"Out of State","master_ai_id":22482,"facility_type":"Waste Tire Transporter","facility_name":"Tire Shredding & Recycling Incorporated","sw_program_id":"096-T-00427"}},{"geometry":{"type":"Point","coordinates":[-85.59982000030683,38.27176000010626],"crs":null},"type":"Feature","properties":{"county":"Out of State","master_ai_id":112748,"facility_type":"Waste Tire Transporter","facility_name":"Kentucky Used Tires LLC","sw_program_id":"096-T-00629"}},{"geometry":{"type":"Point","coordinates":[-85.91503799938369,39.82441300050306],"crs":null},"type":"Feature","properties":{"county":"Hancock","master_ai_id":128917,"facility_type":"Composting (Vegetative)","facility_name":"GreenCycle, Inc. \u2013 Mt. Comfort Facility","sw_program_id":"30-002C"}},{"geometry":{"type":"Point","coordinates":[-84.90865499993531,41.46574600013723],"crs":null},"type":"Feature","properties":{"county":"De Kalb","master_ai_id":8093,"facility_type":"Biomass Waste Processor","facility_name":"IA Butler Biogas LLC","sw_program_id":"17-001B"}},{"geometry":{"type":"Point","coordinates":[-87.52703800025135,37.94563200022361],"crs":null},"type":"Feature","properties":{"county":"Vanderburgh","master_ai_id":133164,"facility_type":"Waste Tire Transporter","facility_name":"Riverside Tires","sw_program_id":"082-T-00770"}},{"geometry":{"type":"Point","coordinates":[-86.90818699972057,40.41628200009303],"crs":null},"type":"Feature","properties":{"county":"Tippecanoe","master_ai_id":108181,"facility_type":"Composting (Vegetative)","facility_name":"Purdue University Grounds Gravel Pit Compost Site","sw_program_id":"79-07C"}},{"geometry":{"type":"Point","coordinates":[-86.21558999996807,39.611878000125714],"crs":null},"type":"Feature","properties":{"county":"Johnson","master_ai_id":134400,"facility_type":"Composting (Vegetative)","facility_name":"McCarty Mulch & Stone Inc","sw_program_id":"41-004C"}},{"geometry":{"type":"Point","coordinates":[-85.9358839998206,40.05568800049542],"crs":null},"type":"Feature","properties":{"county":"Hamilton","master_ai_id":24428,"facility_type":"Composting (Vegetative)","facility_name":"Creative Landscaping","sw_program_id":"29-01C"}},{"geometry":{"type":"Point","coordinates":[-85.40819599988762,41.65221100026016],"crs":null},"type":"Feature","properties":{"county":"Lagrange","master_ai_id":46436,"facility_type":"Composting (Vegetative)","facility_name":"Lagrange County Yard Waste Composting","sw_program_id":"44-01C"}},{"geometry":{"type":"Point","coordinates":[-86.88188398923792,40.9902250000864],"crs":null},"type":"Feature","properties":{"county":"Pulaski","master_ai_id":52811,"facility_type":"Composting (Vegetative)","facility_name":"Francesville Town","sw_program_id":"66-01C"}},{"geometry":{"type":"Point","coordinates":[-85.95893299949455,39.77471800015394],"crs":null},"type":"Feature","properties":{"county":"Marion","master_ai_id":25062,"facility_type":"Composting (Vegetative)","facility_name":"Cumberland Town Compost","sw_program_id":"49-03C"}},{"geometry":{"type":"Point","coordinates":[-87.59299699970795,37.99700400034163],"crs":null},"type":"Feature","properties":{"county":"Vanderburgh","master_ai_id":47114,"facility_type":"Composting (Vegetative)","facility_name":"Botanical Service Center","sw_program_id":"82-02C"}},{"geometry":{"type":"Point","coordinates":[-85.11492689046028,40.078025299837364],"crs":null},"type":"Feature","properties":{"county":"Randolph","master_ai_id":59756,"facility_type":"Waste Tire Transporter","facility_name":"Best Way of Indiana Incorporated","sw_program_id":"068-T-00079"}},{"geometry":{"type":"Point","coordinates":[-85.11492689046028,40.078025299837364],"crs":null},"type":"Feature","properties":{"county":"Randolph","master_ai_id":59756,"facility_type":"Municipal Solid Waste Landfill","facility_name":"Randolph Farms Landfill","sw_program_id":"68-01"}},{"geometry":{"type":"Point","coordinates":[-87.34101421023493,39.08812605959827],"crs":null},"type":"Feature","properties":{"county":"Sullivan","master_ai_id":61200,"facility_type":"Municipal Solid Waste Landfill","facility_name":"Sullivan County Landfill","sw_program_id":"77-01"}},{"geometry":{"type":"Point","coordinates":[-86.13920899951087,39.7303010004449],"crs":null},"type":"Feature","properties":{"county":"Marion","master_ai_id":120927,"facility_type":"Waste Tire Transporter","facility_name":"ECO Tire Recycling & Transport","sw_program_id":"049-T-00655"}},{"geometry":{"type":"Point","coordinates":[-83.39618200009798,42.264456000452704],"crs":null},"type":"Feature","properties":{"county":"Out of State","master_ai_id":129747,"facility_type":"Waste Tire Transporter","facility_name":"US Ecology Transportation Solutions Inc","sw_program_id":"998-T-00748"}},{"geometry":{"type":"Point","coordinates":[-86.17700171995052,41.67116287953921],"crs":null},"type":"Feature","properties":{"county":"St Joseph","master_ai_id":33078,"facility_type":"Waste Tire Transporter","facility_name":"INSERV Corp","sw_program_id":"071-T-00715"}},{"geometry":{"type":"Point","coordinates":[-87.32953413003574,41.6021483702917],"crs":null},"type":"Feature","properties":{"county":"Lake","master_ai_id":18215,"facility_type":"Waste Tire Transporter","facility_name":"Hellmans Auto Supply Company Incorporated","sw_program_id":"045-T-00327"}},{"geometry":{"type":"Point","coordinates":[-86.0455780008097,39.8351759999916],"crs":null},"type":"Feature","properties":{"county":"Marion","master_ai_id":133553,"facility_type":"Waste Tire Transporter","facility_name":"A & E Tire Recycling LLC","sw_program_id":"049-T-00784"}},{"geometry":{"type":"Point","coordinates":[-88.02843899973878,41.85136100012507],"crs":null},"type":"Feature","properties":{"county":"Out of State","master_ai_id":129164,"facility_type":"Waste Tire Transporter","facility_name":"Steel City Tire","sw_program_id":"998-T-00743"}},{"geometry":{"type":"Point","coordinates":[-86.74797600037688,41.60017599964717],"crs":null},"type":"Feature","properties":{"county":"La Porte","master_ai_id":120790,"facility_type":"Composting (Vegetative)","facility_name":"La Porte County Solid Waste District Composting ","sw_program_id":"46-10"}},{"geometry":{"type":"Point","coordinates":[-86.43038496001402,39.43965475970334],"crs":null},"type":"Feature","properties":{"county":"Morgan","master_ai_id":40330,"facility_type":"Transfer Station","facility_name":"Martinsville Transfer Station","sw_program_id":"55-03"}},{"geometry":{"type":"Point","coordinates":[-84.86110899983349,38.950000000251435],"crs":null},"type":"Feature","properties":{"county":"Ohio","master_ai_id":37129,"facility_type":"Composting (Vegetative)","facility_name":"Rising Sun Compost","sw_program_id":"58-01C"}},{"geometry":{"type":"Point","coordinates":[-85.61226399949614,40.80224200023368],"crs":null},"type":"Feature","properties":{"county":"Huntington","master_ai_id":135050,"facility_type":"Biomass Waste Processor","facility_name":"SD Andrews Biogas LLC","sw_program_id":"35-007B"}},{"geometry":{"type":"Point","coordinates":[-85.9103619999416,40.043337000074686],"crs":null},"type":"Feature","properties":{"county":"Hamilton","master_ai_id":24409,"facility_type":"Composting (Vegetative)","facility_name":"Musselman Farm Landscape Solutions LLC","sw_program_id":"29-03C"}},{"geometry":{"type":"Point","coordinates":[-85.98515900019902,41.62787399986739],"crs":null},"type":"Feature","properties":{"county":"Elkhart","master_ai_id":123857,"facility_type":"Solid Waste Processing Facility - Other","facility_name":"Pine Cone Recycling LLC","sw_program_id":"20-014"}},{"geometry":{"type":"Point","coordinates":[-85.90791128006119,39.82071133991008],"crs":null},"type":"Feature","properties":{"county":"Hancock","master_ai_id":38335,"facility_type":"Transfer Station","facility_name":"Mount Comfort Transfer Station","sw_program_id":"30-03"}},{"geometry":{"type":"Point","coordinates":[-87.14528602026272,39.511689469262],"crs":null},"type":"Feature","properties":{"county":"Clay","master_ai_id":105764,"facility_type":"Transfer Station","facility_name":"Brazil Transfer Station","sw_program_id":"11-08"}},{"geometry":{"type":"Point","coordinates":[-87.50233300007802,38.69301699968305],"crs":null},"type":"Feature","properties":{"county":"Knox","master_ai_id":35673,"facility_type":"Transfer Station","facility_name":"Vincennes Transfer Station","sw_program_id":"42-09"}},{"geometry":{"type":"Point","coordinates":[-86.87436099978902,39.647052000140235],"crs":null},"type":"Feature","properties":{"county":"Putnam","master_ai_id":13123,"facility_type":"Transfer Station","facility_name":"RHS Recycling & Transfer Station","sw_program_id":"67-03"}},{"geometry":{"type":"Point","coordinates":[-85.90216825019637,39.186719029809126],"crs":null},"type":"Feature","properties":{"county":"Bartholomew","master_ai_id":503,"facility_type":"Composting (Vegetative)","facility_name":"Bartholomew Yard Waste Site","sw_program_id":"03-01C"}},{"geometry":{"type":"Point","coordinates":[-87.7466016903006,38.37300649069173],"crs":null},"type":"Feature","properties":{"county":"Gibson","master_ai_id":12017,"facility_type":"Restricted Waste Site Type II","facility_name":"Gibson Station Scrubber RWS 2","sw_program_id":"26-02"}},{"geometry":{"type":"Point","coordinates":[-84.89572467037816,40.80104775990531],"crs":null},"type":"Feature","properties":{"county":"Adams","master_ai_id":327,"facility_type":"Transfer Station","facility_name":"Adams County Solid Waste Management District Processing Facility\r\n","sw_program_id":"01-04"}},{"geometry":{"type":"Point","coordinates":[-86.34855900006616,41.72683699953505],"crs":null},"type":"Feature","properties":{"county":"St Joseph","master_ai_id":127947,"facility_type":"Waste Tire Transporter","facility_name":"ASAP Tire Acquisition LLC","sw_program_id":"071-T-00732"}},{"geometry":{"type":"Point","coordinates":[-85.65400300044105,41.175120000226165],"crs":null},"type":"Feature","properties":{"county":"Whitley","master_ai_id":119121,"facility_type":"Transfer Station","facility_name":"Sweetheimer Transfer Station","sw_program_id":"92-02"}},{"geometry":{"type":"Point","coordinates":[-86.47199199962242,39.68185099996075],"crs":null},"type":"Feature","properties":{"county":"Hendricks","master_ai_id":43024,"facility_type":"Transfer Station","facility_name":"Rays Resource Recovery & Transfer Station","sw_program_id":"32-03"}},{"geometry":{"type":"Point","coordinates":[-87.17386700013193,38.65055999956475],"crs":null},"type":"Feature","properties":{"county":"Daviess","master_ai_id":7178,"facility_type":"Transfer Station","facility_name":"Washington Transfer Station","sw_program_id":"14-03"}},{"geometry":{"type":"Point","coordinates":[-87.34848600067637,41.42724199973447],"crs":null},"type":"Feature","properties":{"county":"Lake","master_ai_id":23748,"facility_type":"Transfer Station","facility_name":"Illiana Transfer 3","sw_program_id":"45-10"}},{"geometry":{"type":"Point","coordinates":[-86.06714060907487,39.514651520425076],"crs":null},"type":"Feature","properties":{"county":"Johnson","master_ai_id":36512,"facility_type":"Transfer Station","facility_name":"Franklin Transfer Station","sw_program_id":"41-02"}},{"geometry":{"type":"Point","coordinates":[-87.4092229999992,41.64129700014752],"crs":null},"type":"Feature","properties":{"county":"Lake","master_ai_id":18050,"facility_type":"Alternate Fuel Processor","facility_name":"Carmeuse Lime Inc","sw_program_id":"45-01AF"}},{"geometry":{"type":"Point","coordinates":[-84.90888065955568,39.65666645968825],"crs":null},"type":"Feature","properties":{"county":"Union","master_ai_id":52465,"facility_type":"Transfer Station","facility_name":"Union County Transfer Station","sw_program_id":"81-02"}},{"geometry":{"type":"Point","coordinates":[-86.18741079958797,39.76300202015323],"crs":null},"type":"Feature","properties":{"county":"Marion","master_ai_id":25371,"facility_type":"Transfer Station","facility_name":"White River Recycling & Transfer","sw_program_id":"49-44"}},{"geometry":{"type":"Point","coordinates":[-86.59214800096684,41.06526699994843],"crs":null},"type":"Feature","properties":{"county":"Pulaski","master_ai_id":52812,"facility_type":"Composting (Vegetative)","facility_name":"Winamac Town","sw_program_id":"66-02C"}},{"geometry":{"type":"Point","coordinates":[-85.1166800001375,41.36080800070022],"crs":null},"type":"Feature","properties":{"county":"De Kalb","master_ai_id":119187,"facility_type":"Transfer Station","facility_name":"Washler Incorporated Recycling & Transfer Station","sw_program_id":"17-06"}},{"geometry":{"type":"Point","coordinates":[-86.25271583917046,39.914700760637515],"crs":null},"type":"Feature","properties":{"county":"Marion","master_ai_id":18556,"facility_type":"Transfer Station","facility_name":"Rock Hampton Waste & Recycling Transfer Station","sw_program_id":"49-55"}},{"geometry":{"type":"Point","coordinates":[-85.61522498996393,40.500374989943474],"crs":null},"type":"Feature","properties":{"county":"Grant","master_ai_id":22201,"facility_type":"Composting (Vegetative)","facility_name":"Grant County Composting Facility","sw_program_id":"27-05C"}},{"geometry":{"type":"Point","coordinates":[-87.45942199971148,38.550543999649136],"crs":null},"type":"Feature","properties":{"county":"Knox","master_ai_id":134484,"facility_type":"Composting (Vegetative)","facility_name":"Hinkle Heritage Farms, LLC","sw_program_id":"42-002C"}},{"geometry":{"type":"Point","coordinates":[-86.87353498038212,38.29886794980005],"crs":null},"type":"Feature","properties":{"county":"Dubois","master_ai_id":7160,"facility_type":"Transfer Station","facility_name":"Advantage Transfer Station","sw_program_id":"19-06"}},{"geometry":{"type":"Point","coordinates":[-85.26025931018134,38.792739559868366],"crs":null},"type":"Feature","properties":{"county":"Jefferson","master_ai_id":46605,"facility_type":"Transfer Station","facility_name":"Madison City Transfer Station","sw_program_id":"39-03"}},{"geometry":{"type":"Point","coordinates":[-77.48680800094023,40.14556800047027],"crs":null},"type":"Feature","properties":{"county":"Out of State","master_ai_id":110628,"facility_type":"Waste Tire Transporter","facility_name":"Truck Stop Supply Company LLC","sw_program_id":"105-T-00610"}},{"geometry":{"type":"Point","coordinates":[-86.20466062952568,39.72387376022327],"crs":null},"type":"Feature","properties":{"county":"Marion","master_ai_id":20047,"facility_type":"Municipal Solid Waste Landfill","facility_name":"Southside Landfill Incorporated","sw_program_id":"49-01"}},{"geometry":{"type":"Point","coordinates":[-85.66843087003471,41.75257693982665],"crs":null},"type":"Feature","properties":{"county":"Elkhart","master_ai_id":38354,"facility_type":"Waste Tire Storage","facility_name":"Entech Incorporated","sw_program_id":"020-S-00617"}},{"geometry":{"type":"Point","coordinates":[-86.86685399984393,39.65745199982161],"crs":null},"type":"Feature","properties":{"county":"Putnam","master_ai_id":110106,"facility_type":"Waste Tire Storage","facility_name":"Sparks Commercial Tire Incorporated","sw_program_id":"067-S-00621"}},{"geometry":{"type":"Point","coordinates":[-85.8420129893835,40.798057000266844],"crs":null},"type":"Feature","properties":{"county":"Wabash","master_ai_id":57002,"facility_type":"Composting (Vegetative)","facility_name":"The Compost","sw_program_id":"85-01C"}},{"geometry":{"type":"Point","coordinates":[-86.88672000026311,40.04028000037162],"crs":null},"type":"Feature","properties":{"county":"Montgomery","master_ai_id":101025,"facility_type":"Waste Tire Transporter","facility_name":"Danny Walden","sw_program_id":"054-T-00656"}},{"geometry":{"type":"Point","coordinates":[-86.88672000026311,40.04028000037162],"crs":null},"type":"Feature","properties":{"county":"Montgomery","master_ai_id":101025,"facility_type":"Transfer Station","facility_name":"W Transfer Station","sw_program_id":"54-008"}},{"geometry":{"type":"Point","coordinates":[-80.84510200033355,35.345170999993236],"crs":null},"type":"Feature","properties":{"county":"Out of State","master_ai_id":130686,"facility_type":"Waste Tire Transporter","facility_name":"HEPACO LLC","sw_program_id":"998-T-00757"}},{"geometry":{"type":"Point","coordinates":[-86.0455780008097,39.8351759999916],"crs":null},"type":"Feature","properties":{"county":"Marion","master_ai_id":133553,"facility_type":"Waste Tire Storage","facility_name":"A & E Tire Recycling LLC","sw_program_id":"049-S-00783"}},{"geometry":{"type":"Point","coordinates":[-87.65733900042231,41.64191000016766],"crs":null},"type":"Feature","properties":{"county":"Out of State","master_ai_id":25261,"facility_type":"Waste Tire Transporter","facility_name":"Tri State Disposal Incorporated","sw_program_id":"093-T-00504"}},{"geometry":{"type":"Point","coordinates":[-87.03018600000831,37.92932599947692],"crs":null},"type":"Feature","properties":{"county":"Spencer","master_ai_id":12105,"facility_type":"Restricted Waste Site Type II","facility_name":"Rockport Plant Ash RWS 1","sw_program_id":"74-02"}},{"geometry":{"type":"Point","coordinates":[-86.14721900015948,40.51968000013499],"crs":null},"type":"Feature","properties":{"county":"Howard","master_ai_id":14652,"facility_type":"Transfer Station","facility_name":"Davis Road Transfer Station","sw_program_id":"34-06"}},{"geometry":{"type":"Point","coordinates":[-86.67515158933497,41.51178520956211],"crs":null},"type":"Feature","properties":{"county":"La Porte","master_ai_id":13322,"facility_type":"Transfer Station","facility_name":"Waste Management of La Porte Transfer Station","sw_program_id":"46-07"}},{"geometry":{"type":"Point","coordinates":[-86.43148577034724,40.732245599671096],"crs":null},"type":"Feature","properties":{"county":"Cass","master_ai_id":14745,"facility_type":"Restricted Waste Site Type I","facility_name":"Heidelberg Materials US Cement LLC","sw_program_id":"09-04"}},{"geometry":{"type":"Point","coordinates":[-86.2276450097137,39.78037901001017],"crs":null},"type":"Feature","properties":{"county":"Marion","master_ai_id":11837,"facility_type":"Solid Waste Processing Facility - Other","facility_name":"Heritage Crystal Clean Indianapolis Distribution Hub","sw_program_id":"49-60"}},{"geometry":{"type":"Point","coordinates":[-86.46007680968331,38.73736997024678],"crs":null},"type":"Feature","properties":{"county":"Lawrence","master_ai_id":11776,"facility_type":"Restricted Waste Site Type I","facility_name":"Heidelberg Materials US Cement LLC","sw_program_id":"47-05"}},{"geometry":{"type":"Point","coordinates":[-85.7049350007034,40.108223990228645],"crs":null},"type":"Feature","properties":{"county":"Madison","master_ai_id":46437,"facility_type":"Composting (Vegetative)","facility_name":"Anderson Composting Facility","sw_program_id":"48-03C"}},{"geometry":{"type":"Point","coordinates":[-87.42856036073184,38.74296836023904],"crs":null},"type":"Feature","properties":{"county":"Knox","master_ai_id":101530,"facility_type":"Restricted Waste Site Type I","facility_name":"Scepter RWS 1","sw_program_id":"42-07"}},{"geometry":{"type":"Point","coordinates":[-85.03914107984795,39.428819990355954],"crs":null},"type":"Feature","properties":{"county":"Franklin","master_ai_id":36492,"facility_type":"Transfer Station","facility_name":"Franklin County Transfer Station","sw_program_id":"24-01"}},{"geometry":{"type":"Point","coordinates":[-87.3704079999848,41.55523500035191],"crs":null},"type":"Feature","properties":{"county":"Lake","master_ai_id":115300,"facility_type":"Resource Recovery System","facility_name":"Maya Energy LLC","sw_program_id":"45-53"}},{"geometry":{"type":"Point","coordinates":[-85.89703124026393,41.26987650021777],"crs":null},"type":"Feature","properties":{"county":"Kosciusko","master_ai_id":41090,"facility_type":"Composting (Vegetative)","facility_name":"Superior Excavating Soils & Services LLC","sw_program_id":"43-01C"}},{"geometry":{"type":"Point","coordinates":[-85.92978845964885,41.64802408023423],"crs":null},"type":"Feature","properties":{"county":"Elkhart","master_ai_id":32410,"facility_type":"Construction/Demolition Site","facility_name":"Warner & Sons Incorporated C D Site","sw_program_id":"20-08"}},{"geometry":{"type":"Point","coordinates":[-81.82204700000018,41.379632999831365],"crs":null},"type":"Feature","properties":{"county":"Out of State","master_ai_id":119871,"facility_type":"Waste Tire Transporter","facility_name":"Environmental Management Specialists Incorporated","sw_program_id":"095-T-00652"}},{"geometry":{"type":"Point","coordinates":[-85.08092415039035,41.04537614936967],"crs":null},"type":"Feature","properties":{"county":"Allen","master_ai_id":101334,"facility_type":"Transfer Station","facility_name":"Ft Wayne Transfer Station","sw_program_id":"02-12"}},{"geometry":{"type":"Point","coordinates":[-87.45260499008803,39.9360349994513],"crs":null},"type":"Feature","properties":{"county":"Vermillion","master_ai_id":11825,"facility_type":"Restricted Waste Site Type I","facility_name":"Cayuga RWS I","sw_program_id":"83-12"}},{"geometry":{"type":"Point","coordinates":[-86.17167486940961,39.79597723030235],"crs":null},"type":"Feature","properties":{"county":"Marion","master_ai_id":14525,"facility_type":"Transfer Station","facility_name":"Langsdale Avenue Container Site","sw_program_id":"49-06"}},{"geometry":{"type":"Point","coordinates":[-84.97772799937187,40.43559899030835],"crs":null},"type":"Feature","properties":{"county":"Jay","master_ai_id":20476,"facility_type":"Composting (Vegetative)","facility_name":"Portland Composting Facility","sw_program_id":"38-01C"}},{"geometry":{"type":"Point","coordinates":[-86.81339700078858,40.36952699986822],"crs":null},"type":"Feature","properties":{"county":"Tippecanoe","master_ai_id":127331,"facility_type":"Transfer Station","facility_name":"Twin City Waste Recovery & Transfer","sw_program_id":"79-011"}},{"geometry":{"type":"Point","coordinates":[-86.28872506960838,39.75157419012343],"crs":null},"type":"Feature","properties":{"county":"Marion","master_ai_id":21337,"facility_type":"Medical Waste Processor","facility_name":"Cyntox Limited Liability Company","sw_program_id":"49-61"}},{"geometry":{"type":"Point","coordinates":[-85.35098600008254,39.31298799992625],"crs":null},"type":"Feature","properties":{"county":"Decatur","master_ai_id":110911,"facility_type":"Composting (Vegetative)","facility_name":"Leising Excavating & Mulch Incorporated","sw_program_id":"16-02C"}},{"geometry":{"type":"Point","coordinates":[-87.02238900013664,41.443330000512006],"crs":null},"type":"Feature","properties":{"county":"Porter","master_ai_id":52804,"facility_type":"Transfer Station","facility_name":"Valparaiso Transfer Station","sw_program_id":"64-08"}},{"geometry":{"type":"Point","coordinates":[-87.4826680802102,39.6625244896086],"crs":null},"type":"Feature","properties":{"county":"Vermillion","master_ai_id":56940,"facility_type":"Construction/Demolition Site","facility_name":"West Clinton II CD Site","sw_program_id":"83-05"}},{"geometry":{"type":"Point","coordinates":[-84.84657700046183,39.1223099997359],"crs":null},"type":"Feature","properties":{"county":"Dearborn","master_ai_id":106635,"facility_type":"Transfer Station","facility_name":"Dearborn County Trash & Recycling Transfer Station","sw_program_id":"15-13"}},{"geometry":{"type":"Point","coordinates":[-85.97419451021347,41.62099447036698],"crs":null},"type":"Feature","properties":{"county":"Elkhart","master_ai_id":14538,"facility_type":"Municipal Solid Waste Landfill","facility_name":"Earthmovers Landfill","sw_program_id":"20-03"}},{"geometry":{"type":"Point","coordinates":[-87.0243650796236,41.23004467014216],"crs":null},"type":"Feature","properties":{"county":"Jasper","master_ai_id":11840,"facility_type":"Restricted Waste Site Type I","facility_name":"R M Schahfer Generating Station RWS 1","sw_program_id":"37-01"}},{"geometry":{"type":"Point","coordinates":[-85.726527000147,39.68076299967639],"crs":null},"type":"Feature","properties":{"county":"Shelby","master_ai_id":52046,"facility_type":"Composting (Vegetative)","facility_name":"Caldwell Landfill CGS Incorporated Composting","sw_program_id":"73-01C"}},{"geometry":{"type":"Point","coordinates":[-85.76559500959907,38.685737009788504],"crs":null},"type":"Feature","properties":{"county":"Scott","master_ai_id":51641,"facility_type":"Transfer Station","facility_name":"Scottsburg Transfer Station","sw_program_id":"72-03"}},{"geometry":{"type":"Point","coordinates":[-86.19694471058399,39.76328455958809],"crs":null},"type":"Feature","properties":{"county":"Marion","master_ai_id":104652,"facility_type":"Waste Tire Transporter","facility_name":"Nationwide OTR Recyclers","sw_program_id":"049-T-00491"}},{"geometry":{"type":"Point","coordinates":[-87.31021397956908,41.58787498063215],"crs":null},"type":"Feature","properties":{"county":"Lake","master_ai_id":17856,"facility_type":"Transfer Station","facility_name":"Clean Earth Environmental Solutions, Inc","sw_program_id":"45-51"}},{"geometry":{"type":"Point","coordinates":[-86.00196899981535,41.565219989668236],"crs":null},"type":"Feature","properties":{"county":"Elkhart","master_ai_id":36316,"facility_type":"Composting (Vegetative)","facility_name":"Goshen City Composting Facility","sw_program_id":"20-01C"}},{"geometry":{"type":"Point","coordinates":[-87.12113615001566,41.58941848967707],"crs":null},"type":"Feature","properties":{"county":"Porter","master_ai_id":52807,"facility_type":"Composting (Vegetative)","facility_name":"Crocker Composting Site","sw_program_id":"64-02C"}},{"geometry":{"type":"Point","coordinates":[-85.14339153966817,39.909728939540386],"crs":null},"type":"Feature","properties":{"county":"Wayne","master_ai_id":56959,"facility_type":"Transfer Station","facility_name":"Wayne County Transfer Station","sw_program_id":"89-03"}},{"geometry":{"type":"Point","coordinates":[-87.42773699914846,41.60873300024196],"crs":null},"type":"Feature","properties":{"county":"Lake","master_ai_id":25263,"facility_type":"Transfer Station","facility_name":"Blaine Street Partners LLC Transfer Station","sw_program_id":"45-46"}},{"geometry":{"type":"Point","coordinates":[-85.08284600047864,41.38685599958205],"crs":null},"type":"Feature","properties":{"county":"De Kalb","master_ai_id":7189,"facility_type":"Composting (Vegetative)","facility_name":"De Kalb County Yard Waste Composting","sw_program_id":"17-01C"}},{"geometry":{"type":"Point","coordinates":[-86.4974529798222,40.2861899797709],"crs":null},"type":"Feature","properties":{"county":"Clinton","master_ai_id":8841,"facility_type":"Resource Recovery System","facility_name":"Wampler Services Incorporated","sw_program_id":"12-02"}},{"geometry":{"type":"Point","coordinates":[-85.43081199976713,40.74362499940843],"crs":null},"type":"Feature","properties":{"county":"Huntington","master_ai_id":124945,"facility_type":"Biomass Waste Processor","facility_name":"SRNG-Huntington Project","sw_program_id":"35-006B"}},{"geometry":{"type":"Point","coordinates":[-85.42361252004572,40.1581033605428],"crs":null},"type":"Feature","properties":{"county":"Delaware","master_ai_id":39541,"facility_type":"Waste Tire Processing","facility_name":"Clearline Operations LLC","sw_program_id":"018-P-00765"}},{"geometry":{"type":"Point","coordinates":[-85.66843087003471,41.75257693982665],"crs":null},"type":"Feature","properties":{"county":"Elkhart","master_ai_id":38354,"facility_type":"Waste Tire Transporter","facility_name":"Entech Incorporated","sw_program_id":"020-T-00640"}},{"geometry":{"type":"Point","coordinates":[-85.6615649999653,37.776344999970725],"crs":null},"type":"Feature","properties":{"county":"Out of State","master_ai_id":131994,"facility_type":"Waste Tire Transporter","facility_name":"Four Star Tire Recycling Inc","sw_program_id":"998-T-00762"}},{"geometry":{"type":"Point","coordinates":[-84.89257799985194,39.84949699980596],"crs":null},"type":"Feature","properties":{"county":"Wayne","master_ai_id":127065,"facility_type":"Composting (Vegetative)","facility_name":"Richmond Parks Dept-Floral & Landscaping Div","sw_program_id":"89-003C"}},{"geometry":{"type":"Point","coordinates":[-85.59756799997893,41.47606899996513],"crs":null},"type":"Feature","properties":{"county":"Noble","master_ai_id":124496,"facility_type":"Transfer Station","facility_name":"West Noble Waste Recovery TS","sw_program_id":"57-006"}},{"geometry":{"type":"Point","coordinates":[-86.51759000035594,39.687324999665066],"crs":null},"type":"Feature","properties":{"county":"Hendricks","master_ai_id":129592,"facility_type":"Solid Waste Processing Facility - Other","facility_name":"Just Dewatering Inc","sw_program_id":"32-007"}},{"geometry":{"type":"Point","coordinates":[-86.87833299992569,40.456389000117106],"crs":null},"type":"Feature","properties":{"county":"Tippecanoe","master_ai_id":54548,"facility_type":"Transfer Station","facility_name":"Tippecanoe County Transfer & Recycling Station","sw_program_id":"79-03"}},{"geometry":{"type":"Point","coordinates":[-85.06160799929366,41.12159999982033],"crs":null},"type":"Feature","properties":{"county":"Allen","master_ai_id":132605,"facility_type":"Transfer Station","facility_name":"Fort Wayne Transfer Station","sw_program_id":"02-063"}},{"geometry":{"type":"Point","coordinates":[-86.84354599997714,38.04646400005636],"crs":null},"type":"Feature","properties":{"county":"Spencer","master_ai_id":111275,"facility_type":"Composting (Vegetative)","facility_name":"Evanston Valley Enterprises","sw_program_id":"74-02C"}},{"geometry":{"type":"Point","coordinates":[-87.46850899983183,41.5008170001489],"crs":null},"type":"Feature","properties":{"county":"Lake","master_ai_id":12282,"facility_type":"Transfer Station","facility_name":"Illiana Transfer 1","sw_program_id":"45-14"}},{"geometry":{"type":"Point","coordinates":[-87.38057299973212,41.60527199973515],"crs":null},"type":"Feature","properties":{"county":"Lake","master_ai_id":13872,"facility_type":"Composting (Vegetative)","facility_name":"Gary Composting Facility","sw_program_id":"45-29C"}},{"geometry":{"type":"Point","coordinates":[-84.92466000039778,40.83116700073911],"crs":null},"type":"Feature","properties":{"county":"Adams","master_ai_id":5524,"facility_type":"Composting (Vegetative)","facility_name":"Decatur Compost Facility","sw_program_id":"01-01C"}},{"geometry":{"type":"Point","coordinates":[-86.15051800007319,40.47619899981236],"crs":null},"type":"Feature","properties":{"county":"Howard","master_ai_id":40050,"facility_type":"Composting (Vegetative)","facility_name":"Kokomo Yard Waste Composting","sw_program_id":"34-01C"}},{"geometry":{"type":"Point","coordinates":[-89.50359099957723,40.60401899985327],"crs":null},"type":"Feature","properties":{"county":"Out of State","master_ai_id":22464,"facility_type":"Waste Tire Transporter","facility_name":"Morton Supplies Incorporated","sw_program_id":"093-T-00066"}},{"geometry":{"type":"Point","coordinates":[-85.01149789066959,39.41377520020179],"crs":null},"type":"Feature","properties":{"county":"Franklin","master_ai_id":33030,"facility_type":"Composting (Vegetative)","facility_name":"Brookville Municipal Waste Water Treatment Plant Compost Facility","sw_program_id":"24-01C"}},{"geometry":{"type":"Point","coordinates":[-86.07684300017216,39.801771000058885],"crs":null},"type":"Feature","properties":{"county":"Marion","master_ai_id":135541,"facility_type":"Waste Tire Transporter","facility_name":"Indy Tire Recycling LLC","sw_program_id":"049-T-00818"}},{"geometry":{"type":"Point","coordinates":[-86.17622767009713,39.722159549576766],"crs":null},"type":"Feature","properties":{"county":"Marion","master_ai_id":53745,"facility_type":"Resource Recovery System","facility_name":"CW Recycling Center","sw_program_id":"49-58"}},{"geometry":{"type":"Point","coordinates":[-87.50364700026809,38.69939200006514],"crs":null},"type":"Feature","properties":{"county":"Knox","master_ai_id":106897,"facility_type":"Composting (Vegetative)","facility_name":"Vincennes City Composting","sw_program_id":"42-01C"}},{"geometry":{"type":"Point","coordinates":[-83.47791099968485,41.220308000160465],"crs":null},"type":"Feature","properties":{"county":"Out of State","master_ai_id":117916,"facility_type":"Waste Tire Transporter","facility_name":"Enviro Tire Recycling","sw_program_id":"095-T-00639"}},{"geometry":{"type":"Point","coordinates":[-87.90535400008325,41.84675999945805],"crs":null},"type":"Feature","properties":{"county":"Out of State","master_ai_id":133470,"facility_type":"Waste Tire Transporter","facility_name":"Illinois Tire Recycling Inc","sw_program_id":"998-T-00775"}},{"geometry":{"type":"Point","coordinates":[-88.05622299925344,37.3527689998429],"crs":null},"type":"Feature","properties":{"county":"Out of State","master_ai_id":106605,"facility_type":"Waste Tire Transporter","facility_name":"Liberty Tire Recycling LLC","sw_program_id":"096-T-00574"}},{"geometry":{"type":"Point","coordinates":[-86.47199199962242,39.68185099996075],"crs":null},"type":"Feature","properties":{"county":"Hendricks","master_ai_id":45128,"facility_type":"Composting (Vegetative)","facility_name":"DNB Trash Service, Inc., Rays Composting Facility","sw_program_id":"32-01C"}},{"geometry":{"type":"Point","coordinates":[-87.376380369545,41.60618778986127],"crs":null},"type":"Feature","properties":{"county":"Lake","master_ai_id":15750,"facility_type":"Waste Tire Transporter","facility_name":"A to Z Environmental Solutions","sw_program_id":"045-T-00802"}},{"geometry":{"type":"Point","coordinates":[-87.45987699052402,41.24644899019092],"crs":null},"type":"Feature","properties":{"county":"Lake","master_ai_id":24431,"facility_type":"Transfer Station","facility_name":"10204 West 181st Avenue Transfer Station","sw_program_id":"45-45"}},{"geometry":{"type":"Point","coordinates":[-85.37516699970489,38.779381999323256],"crs":null},"type":"Feature","properties":{"county":"Jefferson","master_ai_id":46432,"facility_type":"Composting (Vegetative)","facility_name":"Madison Transfer Station","sw_program_id":"39-01C"}},{"geometry":{"type":"Point","coordinates":[-86.49855528916672,38.82070079977459],"crs":null},"type":"Feature","properties":{"county":"Lawrence","master_ai_id":38302,"facility_type":"Composting (Vegetative)","facility_name":"Lawrence County Solid Waste Compost Facility","sw_program_id":"47-01C"}},{"geometry":{"type":"Point","coordinates":[-87.0941791899074,38.36554400956477],"crs":null},"type":"Feature","properties":{"county":"Pike","master_ai_id":51934,"facility_type":"Waste Tire Transporter","facility_name":"Velpen Trucking & Disposal Company Inc","sw_program_id":"063-T-00740"}},{"geometry":{"type":"Point","coordinates":[-86.93975600012136,38.37912799985989],"crs":null},"type":"Feature","properties":{"county":"Dubois","master_ai_id":103512,"facility_type":"Waste Tire Processing","facility_name":"Jasper Salvage Incorporated","sw_program_id":"017-P-00430"}},{"geometry":{"type":"Point","coordinates":[-86.81314541970286,40.752526519903796],"crs":null},"type":"Feature","properties":{"county":"White","master_ai_id":56382,"facility_type":"Transfer Station","facility_name":"White County Transfer Facility","sw_program_id":"91-05"}},{"geometry":{"type":"Point","coordinates":[-85.95798399969583,38.333907000098876],"crs":null},"type":"Feature","properties":{"county":"Floyd","master_ai_id":134790,"facility_type":"Composting (Vegetative)","facility_name":"Tuko Farm LLC","sw_program_id":"22-002C"}},{"geometry":{"type":"Point","coordinates":[-83.02727300002844,39.89890699976871],"crs":null},"type":"Feature","properties":{"county":"Out of State","master_ai_id":22473,"facility_type":"Waste Tire Transporter","facility_name":"Liberty Tire Services of Ohio LLC","sw_program_id":"095-T-00485"}},{"geometry":{"type":"Point","coordinates":[-85.21858999991674,41.031129999795986],"crs":null},"type":"Feature","properties":{"county":"Allen","master_ai_id":15264,"facility_type":"Municipal Solid Waste Landfill","facility_name":"National Serv All Landfill","sw_program_id":"02-02"}},{"geometry":{"type":"Point","coordinates":[-84.9650008099735,41.391287000226335],"crs":null},"type":"Feature","properties":{"county":"De Kalb","master_ai_id":15703,"facility_type":"Transfer Station","facility_name":"Auburn Transfer Station\r\n","sw_program_id":"17-02"}},{"geometry":{"type":"Point","coordinates":[-87.12259821936478,41.62105944074689],"crs":null},"type":"Feature","properties":{"county":"Porter","master_ai_id":12029,"facility_type":"Restricted Waste Site Type I","facility_name":"Cleveland-Cliffs LLC","sw_program_id":"64-10"}},{"geometry":{"type":"Point","coordinates":[-85.87680197053908,40.792359010639416],"crs":null},"type":"Feature","properties":{"county":"Wabash","master_ai_id":11717,"facility_type":"Non-Municipal Solid Waste Landfill","facility_name":"Real Alloy Specification LLC","sw_program_id":"85-06"}},{"geometry":{"type":"Point","coordinates":[-87.59490366980975,38.03689851988621],"crs":null},"type":"Feature","properties":{"county":"Vanderburgh","master_ai_id":13886,"facility_type":"Composting (Vegetative)","facility_name":"Laubscher Meadows Composting Facility","sw_program_id":"82-01C"}},{"geometry":{"type":"Point","coordinates":[-86.87857992022302,39.61296456010407],"crs":null},"type":"Feature","properties":{"county":"Putnam","master_ai_id":13457,"facility_type":"Alternate Fuel Processor","facility_name":"Lone Star Industries Incorporated dba Buzzi Unicem USA","sw_program_id":"67-01AF"}},{"geometry":{"type":"Point","coordinates":[-85.07492000951848,41.06671597966686],"crs":null},"type":"Feature","properties":{"county":"Allen","master_ai_id":5296,"facility_type":"Solid Waste Processing Facility - Other","facility_name":"Valicor Environmental Services LLC","sw_program_id":"02-062"}},{"geometry":{"type":"Point","coordinates":[-87.26429931025318,41.57424589937189],"crs":null},"type":"Feature","properties":{"county":"Lake","master_ai_id":16394,"facility_type":"Composting (Vegetative)","facility_name":"Lake Station Compost Facility II","sw_program_id":"45-22C"}},{"geometry":{"type":"Point","coordinates":[-85.89959499984927,41.19864200041245],"crs":null},"type":"Feature","properties":{"county":"Kosciusko","master_ai_id":48354,"facility_type":"Restricted Waste Site Type II","facility_name":"Dalton Foundry RWS 2","sw_program_id":"43-06"}},{"geometry":{"type":"Point","coordinates":[-85.67418800044611,40.184949999658194],"crs":null},"type":"Feature","properties":{"county":"Madison","master_ai_id":132928,"facility_type":"Solid Waste Processing Facility - Other","facility_name":"Salty Dog Trash and Recycling","sw_program_id":"48-011"}},{"geometry":{"type":"Point","coordinates":[-86.37860821021518,39.57404096004201],"crs":null},"type":"Feature","properties":{"county":"Morgan","master_ai_id":47257,"facility_type":"Resource Recovery System","facility_name":"NuGenesis Environmental Services Processing","sw_program_id":"55-04"}},{"geometry":{"type":"Point","coordinates":[-87.1429029895143,41.35573800009722],"crs":null},"type":"Feature","properties":{"county":"Porter","master_ai_id":52810,"facility_type":"Composting (Vegetative)","facility_name":"Boone Grove Municipal Composting Site","sw_program_id":"64-05C"}},{"geometry":{"type":"Point","coordinates":[-84.97118099025535,41.25170299003104],"crs":null},"type":"Feature","properties":{"county":"Allen","master_ai_id":4308,"facility_type":"Composting (Vegetative)","facility_name":"Ringenberg Garten Haus Compost Facility","sw_program_id":"02-06C"}},{"geometry":{"type":"Point","coordinates":[-86.91004399962048,40.36528999940355],"crs":null},"type":"Feature","properties":{"county":"Tippecanoe","master_ai_id":130908,"facility_type":"Composting (Vegetative)","facility_name":"R & R Topsoil","sw_program_id":"79-014C"}},{"geometry":{"type":"Point","coordinates":[-85.37914490966486,40.20861495036336],"crs":null},"type":"Feature","properties":{"county":"Delaware","master_ai_id":7161,"facility_type":"Transfer Station","facility_name":"East Central Recycling Transfer Station","sw_program_id":"18-06"}},{"geometry":{"type":"Point","coordinates":[-85.66843087003471,41.75257693982665],"crs":null},"type":"Feature","properties":{"county":"Elkhart","master_ai_id":38354,"facility_type":"Waste Tire Processing","facility_name":"Entech Incorporated","sw_program_id":"020-P-00616"}},{"geometry":{"type":"Point","coordinates":[-86.17700171995052,41.67116287953921],"crs":null},"type":"Feature","properties":{"county":"St Joseph","master_ai_id":33078,"facility_type":"Solidification Facility","facility_name":"INSERV Incorporated Processing","sw_program_id":"71-06"}},{"geometry":{"type":"Point","coordinates":[-86.20851999924909,41.07564000028724],"crs":null},"type":"Feature","properties":{"county":"Fulton","master_ai_id":106943,"facility_type":"Waste Tire Transporter","facility_name":"RIM Trucking LLC","sw_program_id":"025-T-00793"}},{"geometry":{"type":"Point","coordinates":[-86.52483099998602,41.12355900004652],"crs":null},"type":"Feature","properties":{"county":"Pulaski","master_ai_id":52275,"facility_type":"Biomass Waste Processor","facility_name":"LD Monterey Biogas, LLC","sw_program_id":"66-001B"}},{"geometry":{"type":"Point","coordinates":[-86.80277150021006,37.99932489941912],"crs":null},"type":"Feature","properties":{"county":"Perry","master_ai_id":58656,"facility_type":"Restricted Waste Site Type II","facility_name":"Waupaca Foundry RWS 2","sw_program_id":"62-06"}},{"geometry":{"type":"Point","coordinates":[-86.04565331015884,39.80591125984158],"crs":null},"type":"Feature","properties":{"county":"Marion","master_ai_id":19476,"facility_type":"Solidification Facility","facility_name":"EQ Industrial Services Processing","sw_program_id":"49-59"}},{"geometry":{"type":"Point","coordinates":[-85.95621672052418,40.452756569876435],"crs":null},"type":"Feature","properties":{"county":"Howard","master_ai_id":46313,"facility_type":"Composting (Vegetative)","facility_name":"Greentown Landfill Composting","sw_program_id":"34-03C"}},{"geometry":{"type":"Point","coordinates":[-85.78032843950803,38.30099454998632],"crs":null},"type":"Feature","properties":{"county":"Clark","master_ai_id":4478,"facility_type":"Transfer Station","facility_name":"Bi Co Transfer Station","sw_program_id":"10-02"}},{"geometry":{"type":"Point","coordinates":[-85.14400942005746,39.62774980029816],"crs":null},"type":"Feature","properties":{"county":"Fayette","master_ai_id":7179,"facility_type":"Transfer Station","facility_name":"Connersville Transfer Station","sw_program_id":"21-02"}},{"geometry":{"type":"Point","coordinates":[-85.11492689046028,40.078025299837364],"crs":null},"type":"Feature","properties":{"county":"Randolph","master_ai_id":59756,"facility_type":"Composting (Vegetative)","facility_name":"Randolph Farms Incorporated Composting","sw_program_id":"68-01C"}},{"geometry":{"type":"Point","coordinates":[-85.93922799985279,38.326621999531326],"crs":null},"type":"Feature","properties":{"county":"Floyd","master_ai_id":133758,"facility_type":"Waste Tire Processing","facility_name":"The Recycle Guy LLC","sw_program_id":"022-P-00782"}},{"geometry":{"type":"Point","coordinates":[-83.67532199940091,41.98461899956626],"crs":null},"type":"Feature","properties":{"county":"Out of State","master_ai_id":133944,"facility_type":"Waste Tire Transporter","facility_name":"Geocycle LLC DBA C M Rubber Recycling","sw_program_id":"998-T-00788"}},{"geometry":{"type":"Point","coordinates":[-94.16421899992045,37.08114800032837],"crs":null},"type":"Feature","properties":{"county":"Out of State","master_ai_id":126669,"facility_type":"Waste Tire Transporter","facility_name":"Million Tire Disposal","sw_program_id":"998-T-00731"}},{"geometry":{"type":"Point","coordinates":[-88.02878700062854,41.851526000375145],"crs":null},"type":"Feature","properties":{"county":"Not Determined","master_ai_id":129164,"facility_type":"Waste Tire Transporter","facility_name":"Steel City Tire","sw_program_id":"998-T-00743"}},{"geometry":{"type":"Point","coordinates":[-85.80091800068914,40.82613599968659],"crs":null},"type":"Feature","properties":{"county":"Wabash","master_ai_id":12144,"facility_type":"Waste Tire Transporter","facility_name":"WABASH VALLEY REFUSE REMOVAL","sw_program_id":"085-T-00533"}},{"geometry":{"type":"Point","coordinates":[-87.331602769584,39.310030380279144],"crs":null},"type":"Feature","properties":{"county":"Vigo","master_ai_id":14541,"facility_type":"Municipal Solid Waste Landfill","facility_name":"Sycamore Ridge Landfill","sw_program_id":"84-06"}},{"geometry":{"type":"Point","coordinates":[-86.87857992022302,39.61296456010407],"crs":null},"type":"Feature","properties":{"county":"Putnam","master_ai_id":13457,"facility_type":"Non-Municipal Solid Waste Landfill","facility_name":"Lone Star Industries Incorporated dba Buzzi Unicem USA non-MSWLF","sw_program_id":"67-05"}},{"geometry":{"type":"Point","coordinates":[-86.25712168943684,39.727853710093015],"crs":null},"type":"Feature","properties":{"county":"Marion","master_ai_id":14438,"facility_type":"Resource Recovery System","facility_name":"Clean Earth Environmental Solutions Inc ","sw_program_id":"49-57"}},{"geometry":{"type":"Point","coordinates":[-86.17739699985937,39.518639000148546],"crs":null},"type":"Feature","properties":{"county":"Johnson","master_ai_id":13774,"facility_type":"Composting (Vegetative)","facility_name":"Bargersville Waste Water Treatment Plant","sw_program_id":"41-03C"}},{"geometry":{"type":"Point","coordinates":[-87.5148430606168,39.072001880297236],"crs":null},"type":"Feature","properties":{"county":"Sullivan","master_ai_id":12019,"facility_type":"Restricted Waste Site Type I","facility_name":"Merom Generating Station RWS I","sw_program_id":"77-04"}},{"geometry":{"type":"Point","coordinates":[-86.91144799064297,40.39787800038227],"crs":null},"type":"Feature","properties":{"county":"Tippecanoe","master_ai_id":12267,"facility_type":"Transfer Station","facility_name":"Waste Management of Lafayette Wabash Avenue Transfer Station","sw_program_id":"79-08"}},{"geometry":{"type":"Point","coordinates":[-87.90056930923689,38.022680769543875],"crs":null},"type":"Feature","properties":{"county":"Posey","master_ai_id":52480,"facility_type":"Construction/Demolition Site","facility_name":"Springfield Environmental CD Site","sw_program_id":"65-06"}},{"geometry":{"type":"Point","coordinates":[-86.46007680968331,38.73736997024678],"crs":null},"type":"Feature","properties":{"county":"Lawrence","master_ai_id":11776,"facility_type":"Alternate Fuel Processor","facility_name":"Lehigh Alternative Fuel","sw_program_id":"47-01AF"}},{"geometry":{"type":"Point","coordinates":[-87.4179225406324,41.51148114053985],"crs":null},"type":"Feature","properties":{"county":"Lake","master_ai_id":20299,"facility_type":"Composting (Vegetative)","facility_name":"Griffith Landfill Composting","sw_program_id":"45-01C"}},{"geometry":{"type":"Point","coordinates":[-86.94479700061797,41.68774299938733],"crs":null},"type":"Feature","properties":{"county":"Porter","master_ai_id":52797,"facility_type":"Composting (Vegetative)","facility_name":"Pines Town Composting Site","sw_program_id":"64-07C"}},{"geometry":{"type":"Point","coordinates":[-86.47199199962242,39.68185099996075],"crs":null},"type":"Feature","properties":{"county":"Hendricks","master_ai_id":45128,"facility_type":"Waste Tire Transporter","facility_name":"DNB LLC ","sw_program_id":"032-T-00093"}},{"geometry":{"type":"Point","coordinates":[-86.70404059054185,40.88464642041427],"crs":null},"type":"Feature","properties":{"county":"White","master_ai_id":12634,"facility_type":"Municipal Solid Waste Landfill","facility_name":"Liberty Landfill","sw_program_id":"91-04"}},{"geometry":{"type":"Point","coordinates":[-88.33783600051224,41.798746000411946],"crs":null},"type":"Feature","properties":{"county":"Out of State","master_ai_id":135297,"facility_type":"Waste Tire Transporter","facility_name":"Tire Management Holdings L.L.C. ","sw_program_id":"998-T-00811"}},{"geometry":{"type":"Point","coordinates":[-85.98057646993095,41.63005641941855],"crs":null},"type":"Feature","properties":{"county":"Elkhart","master_ai_id":30878,"facility_type":"Municipal Solid Waste Landfill","facility_name":"Elkhart County Landfill","sw_program_id":"20-04"}},{"geometry":{"type":"Point","coordinates":[-86.20466062952568,39.72387376022327],"crs":null},"type":"Feature","properties":{"county":"Marion","master_ai_id":20047,"facility_type":"Composting (Vegetative)","facility_name":"Southside Landfill Composting","sw_program_id":"49-02C"}},{"geometry":{"type":"Point","coordinates":[-87.02008499998982,37.83516999939653],"crs":null},"type":"Feature","properties":{"county":"Out of State","master_ai_id":120690,"facility_type":"Waste Tire Transporter","facility_name":"Tire Recycling Inc","sw_program_id":"096-T-00657"}},{"geometry":{"type":"Point","coordinates":[-86.87866100008779,38.32443599940494],"crs":null},"type":"Feature","properties":{"county":"Dubois","master_ai_id":111268,"facility_type":"Waste Tire Transporter","facility_name":"Wallhauser Incorporated","sw_program_id":"019-T-00620"}},{"geometry":{"type":"Point","coordinates":[-83.23533699948345,38.28579599989724],"crs":null},"type":"Feature","properties":{"county":"Out of State","master_ai_id":22471,"facility_type":"Waste Tire Transporter","facility_name":"Porter Tire Center Incorporated","sw_program_id":"096-T-00072"}},{"geometry":{"type":"Point","coordinates":[-85.24765300043389,41.00337799987249],"crs":null},"type":"Feature","properties":{"county":"Allen","master_ai_id":126964,"facility_type":"Composting (Vegetative)","facility_name":"Dirt Wain Composting","sw_program_id":"02-009C"}},{"geometry":{"type":"Point","coordinates":[-85.67109800053046,39.68271899987953],"crs":null},"type":"Feature","properties":{"county":"Shelby","master_ai_id":125093,"facility_type":"Solid Waste Processing Facility - Other","facility_name":"Caldwell's Inc.","sw_program_id":"73-009"}},{"geometry":{"type":"Point","coordinates":[-87.04453831010953,38.679290259765175],"crs":null},"type":"Feature","properties":{"county":"Daviess","master_ai_id":7168,"facility_type":"Municipal Solid Waste Landfill","facility_name":"Daviess County Landfill","sw_program_id":"14-02"}},{"geometry":{"type":"Point","coordinates":[-86.16681903025354,41.4950975195522],"crs":null},"type":"Feature","properties":{"county":"St Joseph","master_ai_id":12518,"facility_type":"Municipal Solid Waste Landfill","facility_name":"Prairie View Recycling & Disposal Facility","sw_program_id":"71-02"}},{"geometry":{"type":"Point","coordinates":[-87.26444399914078,40.28638899986965],"crs":null},"type":"Feature","properties":{"county":"Fountain","master_ai_id":14580,"facility_type":"Restricted Waste Site Type III","facility_name":"Harrison Steel Castings RWS 3","sw_program_id":"23-02"}},{"geometry":{"type":"Point","coordinates":[-86.54432899986269,39.091535999707745],"crs":null},"type":"Feature","properties":{"county":"Monroe","master_ai_id":12695,"facility_type":"Transfer Station","facility_name":"Hoosier Disposal & Recycling","sw_program_id":"53-01"}},{"geometry":{"type":"Point","coordinates":[-84.82999999954427,39.85000000021102],"crs":null},"type":"Feature","properties":{"county":"Wayne","master_ai_id":13943,"facility_type":"Composting (Vegetative)","facility_name":"New Paris Pike Landfill","sw_program_id":"89-01C"}},{"geometry":{"type":"Point","coordinates":[-87.31252800004074,41.58977400010906],"crs":null},"type":"Feature","properties":{"county":"Lake","master_ai_id":25080,"facility_type":"Medical Waste Processor","facility_name":"Stericycle Incorporated","sw_program_id":"45-41"}},{"geometry":{"type":"Point","coordinates":[-85.7816303893055,38.30114793953644],"crs":null},"type":"Feature","properties":{"county":"Clark","master_ai_id":7186,"facility_type":"Composting (Vegetative)","facility_name":"Earth First of Kentuckiana Incorporated","sw_program_id":"10-04C"}},{"geometry":{"type":"Point","coordinates":[-85.78404284012215,39.78165791022987],"crs":null},"type":"Feature","properties":{"county":"Hancock","master_ai_id":36386,"facility_type":"Transfer Station","facility_name":"Republic Services Greenfield Transfer Station","sw_program_id":"30-02"}},{"geometry":{"type":"Point","coordinates":[-86.64246200014493,41.51446799984656],"crs":null},"type":"Feature","properties":{"county":"La Porte","master_ai_id":134918,"facility_type":"Composting (Vegetative)","facility_name":"Kingsbury Composting","sw_program_id":"46-012C"}},{"geometry":{"type":"Point","coordinates":[-85.69341599991314,40.04812428003068],"crs":null},"type":"Feature","properties":{"county":"Madison","master_ai_id":40526,"facility_type":"Transfer Station","facility_name":"Madison Avenue Transfer Station","sw_program_id":"48-04"}},{"geometry":{"type":"Point","coordinates":[-85.99599899965185,39.85572300009051],"crs":null},"type":"Feature","properties":{"county":"Marion","master_ai_id":25286,"facility_type":"Composting (Vegetative)","facility_name":"Ski Landscape Corporation","sw_program_id":"49-11C"}},{"geometry":{"type":"Point","coordinates":[-86.18055200011837,39.72197798987825],"crs":null},"type":"Feature","properties":{"county":"Marion","master_ai_id":24423,"facility_type":"Composting (Vegetative)","facility_name":"Greencycle Troy Avenue Composting Facility","sw_program_id":"49-10C"}},{"geometry":{"type":"Point","coordinates":[-85.71950999946107,40.10194600000566],"crs":null},"type":"Feature","properties":{"county":"Madison","master_ai_id":119545,"facility_type":"Waste Tire Processing","facility_name":"Haynes Tire Recycling","sw_program_id":"048-P-00779"}},{"geometry":{"type":"Point","coordinates":[-87.0941791899074,38.36554400956477],"crs":null},"type":"Feature","properties":{"county":"Pike","master_ai_id":51934,"facility_type":"Composting (Vegetative)","facility_name":"Velpen C & D Fillsite Company Incorporated","sw_program_id":"63-01C"}},{"geometry":{"type":"Point","coordinates":[-87.06284721005862,41.61304955006317],"crs":null},"type":"Feature","properties":{"county":"Porter","master_ai_id":50105,"facility_type":"Transfer Station","facility_name":"Able Disposal Recycling & Transfer Station","sw_program_id":"64-06"}},{"geometry":{"type":"Point","coordinates":[-86.2685826799795,41.66453031009821],"crs":null},"type":"Feature","properties":{"county":"St Joseph","master_ai_id":49238,"facility_type":"Transfer Station","facility_name":"South Bend Resource Recovery & Transfer","sw_program_id":"71-05"}},{"geometry":{"type":"Point","coordinates":[-86.11716647997197,40.49241797010158],"crs":null},"type":"Feature","properties":{"county":"Howard","master_ai_id":12309,"facility_type":"Transfer Station","facility_name":"Waste Management of Central Indiana Transfer Station","sw_program_id":"34-04"}},{"geometry":{"type":"Point","coordinates":[-87.60203500054851,38.02480399988525],"crs":null},"type":"Feature","properties":{"county":"Vanderburgh","master_ai_id":106387,"facility_type":"Waste Tire Transporter","facility_name":"INviromental Technologies, LLC","sw_program_id":"082-T-00795"}},{"geometry":{"type":"Point","coordinates":[-86.23193998966624,41.08501050981442],"crs":null},"type":"Feature","properties":{"county":"Fulton","master_ai_id":15848,"facility_type":"Composting (Vegetative)","facility_name":"City of Rochester Composting ","sw_program_id":"25-002C"}},{"geometry":{"type":"Point","coordinates":[-85.57785299968592,41.678197999842865],"crs":null},"type":"Feature","properties":{"county":"Lagrange","master_ai_id":44895,"facility_type":"Composting (Vegetative)","facility_name":"Shipshewana Waste Water Treatment Plant Composting","sw_program_id":"44-02C"}},{"geometry":{"type":"Point","coordinates":[-85.90656699979202,38.93460600015209],"crs":null},"type":"Feature","properties":{"county":"Jackson","master_ai_id":132957,"facility_type":"Transfer Station","facility_name":"Seymour Trash & Recycling Transfer Station","sw_program_id":"36-009"}},{"geometry":{"type":"Point","coordinates":[-87.10344899989242,37.24601599972657],"crs":null},"type":"Feature","properties":{"county":"Out of State","master_ai_id":135484,"facility_type":"Waste Tire Transporter","facility_name":"ReTek Inc","sw_program_id":"998-T-00817"}},{"geometry":{"type":"Point","coordinates":[-86.55054000005866,39.10280599945202],"crs":null},"type":"Feature","properties":{"county":"Monroe","master_ai_id":128698,"facility_type":"Transfer Station","facility_name":"Monroe County Resource Recovery Transfer Station","sw_program_id":"53-009"}},{"geometry":{"type":"Point","coordinates":[-87.26444399914078,40.28638899986965],"crs":null},"type":"Feature","properties":{"county":"Fountain","master_ai_id":14580,"facility_type":"Composting (Vegetative)","facility_name":"Harrison Steel Castings Compost Site","sw_program_id":"23-02C"}},{"geometry":{"type":"Point","coordinates":[-87.06555771956309,41.61284618955722],"crs":null},"type":"Feature","properties":{"county":"Not Determined","master_ai_id":11177,"facility_type":"Waste Tire Transporter","facility_name":"Republic Services of Indiana LP","sw_program_id":"064-T-00067"}},{"geometry":{"type":"Point","coordinates":[-87.26354498943864,38.52200200013992],"crs":null},"type":"Feature","properties":{"county":"Pike","master_ai_id":11779,"facility_type":"Restricted Waste Site Type I","facility_name":"Frank E Ratts Generating Station Landfill","sw_program_id":"63-08"}},{"geometry":{"type":"Point","coordinates":[-86.17811400027455,39.72211499982848],"crs":null},"type":"Feature","properties":{"county":"Marion","master_ai_id":106933,"facility_type":"Waste Tire Processing","facility_name":"Liberty Tire Services of Ohio LLC","sw_program_id":"049-P-00568"}},{"geometry":{"type":"Point","coordinates":[-87.17180336076284,41.47809731976001],"crs":null},"type":"Feature","properties":{"county":"Porter","master_ai_id":101154,"facility_type":"Composting (Vegetative)","facility_name":"Duneland 28 Clean Fill Facility","sw_program_id":"64-09C"}},{"geometry":{"type":"Point","coordinates":[-85.22884093956053,41.44174050924825],"crs":null},"type":"Feature","properties":{"county":"Noble","master_ai_id":46983,"facility_type":"Transfer Station","facility_name":"GFL Solid Waste Midwest LLC ","sw_program_id":"57-008"}},{"geometry":{"type":"Point","coordinates":[-86.51448253952279,39.18686164007168],"crs":null},"type":"Feature","properties":{"county":"Monroe","master_ai_id":101152,"facility_type":"Composting (Vegetative)","facility_name":"Indiana University","sw_program_id":"53-05C"}},{"geometry":{"type":"Point","coordinates":[-86.73957800003821,41.68549100035298],"crs":null},"type":"Feature","properties":{"county":"La Porte","master_ai_id":101151,"facility_type":"Composting (Vegetative)","facility_name":"E Farm LLC Composting Facility","sw_program_id":"46-04C"}},{"geometry":{"type":"Point","coordinates":[-86.8047570004026,40.366952999794506],"crs":null},"type":"Feature","properties":{"county":"Tippecanoe","master_ai_id":57307,"facility_type":"Transfer Station","facility_name":"South Lafayette Recycling & Waste Transfer","sw_program_id":"79-09"}},{"geometry":{"type":"Point","coordinates":[-85.27091500037864,41.447090000271665],"crs":null},"type":"Feature","properties":{"county":"Noble","master_ai_id":110558,"facility_type":"Composting (Vegetative)","facility_name":"Kendallville Composting Facility","sw_program_id":"57-02C"}},{"geometry":{"type":"Point","coordinates":[-87.43981200054169,39.33361099943993],"crs":null},"type":"Feature","properties":{"county":"Vigo","master_ai_id":133650,"facility_type":"Composting (Vegetative)","facility_name":"Vigo County SWMD Composting","sw_program_id":"84-006C"}},{"geometry":{"type":"Point","coordinates":[-86.53144099929611,39.12580600001886],"crs":null},"type":"Feature","properties":{"county":"Monroe","master_ai_id":46474,"facility_type":"Waste Tire Transporter","facility_name":"Monroe County SWMD","sw_program_id":"053-T-00546"}},{"geometry":{"type":"Point","coordinates":[-86.4696179999018,39.197914000047405],"crs":null},"type":"Feature","properties":{"county":"Monroe","master_ai_id":119915,"facility_type":"Composting (Vegetative)","facility_name":"Fable Farms Indiana LLC","sw_program_id":"53-09"}},{"geometry":{"type":"Point","coordinates":[-86.71740300021757,40.74650500009564],"crs":null},"type":"Feature","properties":{"county":"White","master_ai_id":104345,"facility_type":"Biomass Waste Processor","facility_name":"Waste No Energy LLC Biomass","sw_program_id":"91-01B"}},{"geometry":{"type":"Point","coordinates":[-86.13539900045394,38.65817398968714],"crs":null},"type":"Feature","properties":{"county":"Washington","master_ai_id":62306,"facility_type":"Municipal Solid Waste Landfill","facility_name":"Washington County Landfill","sw_program_id":"88-01"}},{"geometry":{"type":"Point","coordinates":[-84.1909490002762,40.781927000296534],"crs":null},"type":"Feature","properties":{"county":"Out of State","master_ai_id":100803,"facility_type":"Waste Tire Transporter","facility_name":"R & R Trucking","sw_program_id":"095-T-00564"}},{"geometry":{"type":"Point","coordinates":[-86.26573224090798,41.629318400100416],"crs":null},"type":"Feature","properties":{"county":"St Joseph","master_ai_id":10535,"facility_type":"Waste Tire Transporter","facility_name":"Waste Management of Indiana LLC","sw_program_id":"071-T-00031"}},{"geometry":{"type":"Point","coordinates":[-86.22358937990104,41.1715452296169],"crs":null},"type":"Feature","properties":{"county":"Fulton","master_ai_id":13577,"facility_type":"Municipal Solid Waste Landfill","facility_name":"County Line Landfill","sw_program_id":"25-03"}},{"geometry":{"type":"Point","coordinates":[-85.21858999991674,41.031129999795986],"crs":null},"type":"Feature","properties":{"county":"Allen","master_ai_id":15264,"facility_type":"Waste Tire Transporter","facility_name":"National Serv All","sw_program_id":"002-T-00482"}},{"geometry":{"type":"Point","coordinates":[-86.87857992022302,39.61296456010407],"crs":null},"type":"Feature","properties":{"county":"Putnam","master_ai_id":13457,"facility_type":"Restricted Waste Site Type I","facility_name":"Lone Star Industries Incorporated dba Buzzi Unicem USA non-MSWLF","sw_program_id":"67-05"}},{"geometry":{"type":"Point","coordinates":[-87.45565859978912,41.289943419821206],"crs":null},"type":"Feature","properties":{"county":"Lake","master_ai_id":13316,"facility_type":"Construction/Demolition Site","facility_name":"Lake County C D Site","sw_program_id":"45-38"}},{"geometry":{"type":"Point","coordinates":[-87.5148430606168,39.072001880297236],"crs":null},"type":"Feature","properties":{"county":"Sullivan","master_ai_id":12019,"facility_type":"Restricted Waste Site Type II","facility_name":"Merom Station RWS 2","sw_program_id":"77-03"}},{"geometry":{"type":"Point","coordinates":[-86.20035787068379,38.867700220669725],"crs":null},"type":"Feature","properties":{"county":"Jackson","master_ai_id":13578,"facility_type":"Municipal Solid Waste Landfill","facility_name":"Medora Sanitary Landfill","sw_program_id":"36-01"}},{"geometry":{"type":"Point","coordinates":[-87.47130170980358,41.639134200659534],"crs":null},"type":"Feature","properties":{"county":"Lake","master_ai_id":12782,"facility_type":"Transfer Station","facility_name":"Illiana Transfer 2","sw_program_id":"45-18"}},{"geometry":{"type":"Point","coordinates":[-87.7466016903006,38.37300649069173],"crs":null},"type":"Feature","properties":{"county":"Gibson","master_ai_id":12017,"facility_type":"Restricted Waste Site Type I","facility_name":"Gibson Generating Station RWS I South Landfill","sw_program_id":"26-06"}},{"geometry":{"type":"Point","coordinates":[-86.24488889038642,39.92208492968529],"crs":null},"type":"Feature","properties":{"county":"Marion","master_ai_id":13244,"facility_type":"Transfer Station","facility_name":"96th Street Transfer & Recycling","sw_program_id":"49-10"}},{"geometry":{"type":"Point","coordinates":[-86.22517500038676,39.729441000118726],"crs":null},"type":"Feature","properties":{"county":"Marion","master_ai_id":115492,"facility_type":"Solidification Facility","facility_name":"Reworld Solutions","sw_program_id":"49-64"}},{"geometry":{"type":"Point","coordinates":[-86.30418399987052,39.97979799956631],"crs":null},"type":"Feature","properties":{"county":"Boone","master_ai_id":133077,"facility_type":"Composting (Vegetative)","facility_name":"Zionsville Compost Site","sw_program_id":"06-003C"}},{"geometry":{"type":"Point","coordinates":[-84.85749858955128,39.15525868985982],"crs":null},"type":"Feature","properties":{"county":"Dearborn","master_ai_id":4310,"facility_type":"Composting (Vegetative)","facility_name":"Greendale Composting","sw_program_id":"15-01C"}},{"geometry":{"type":"Point","coordinates":[-85.74709899963108,38.62548599961872],"crs":null},"type":"Feature","properties":{"county":"Scott","master_ai_id":52565,"facility_type":"Transfer Station","facility_name":"Scott County Transfer Station","sw_program_id":"72-02"}},{"geometry":{"type":"Point","coordinates":[-88.883564000673,38.01551699945361],"crs":null},"type":"Feature","properties":{"county":"Out of State","master_ai_id":122633,"facility_type":"Waste Tire Transporter","facility_name":"RCRA Inc dba Earth Services","sw_program_id":"998-T-00697"}},{"geometry":{"type":"Point","coordinates":[-85.97899700005895,39.354240999596335],"crs":null},"type":"Feature","properties":{"county":"Johnson","master_ai_id":29678,"facility_type":"Transfer Station","facility_name":"Edinburgh Transfer Station","sw_program_id":"41-03"}},{"geometry":{"type":"Point","coordinates":[-86.51032148036606,38.579268810042706],"crs":null},"type":"Feature","properties":{"county":"Orange","master_ai_id":52466,"facility_type":"Transfer Station","facility_name":"Orange County Transfer Station","sw_program_id":"59-03"}},{"geometry":{"type":"Point","coordinates":[-87.06555771956309,41.61284618955722],"crs":null},"type":"Feature","properties":{"county":"Porter","master_ai_id":11177,"facility_type":"Waste Tire Transporter","facility_name":"Republic Services of Indiana LP","sw_program_id":"064-T-00067"}},{"geometry":{"type":"Point","coordinates":[-87.20616066961409,38.32981666988186],"crs":null},"type":"Feature","properties":{"county":"Pike","master_ai_id":12130,"facility_type":"Municipal Solid Waste Landfill","facility_name":"Advanced Disposal Services Blackfoot Landfill","sw_program_id":"63-04"}},{"geometry":{"type":"Point","coordinates":[-87.20465122936635,41.15895445967864],"crs":null},"type":"Feature","properties":{"county":"Jasper","master_ai_id":100889,"facility_type":"Composting (Vegetative)","facility_name":"Perkins Good Earth Farm Compost Site","sw_program_id":"37-03C"}},{"geometry":{"type":"Point","coordinates":[-86.50393780011616,39.74315379014953],"crs":null},"type":"Feature","properties":{"county":"Hendricks","master_ai_id":10830,"facility_type":"Municipal Solid Waste Landfill","facility_name":"Twin Bridges Recycling & Disposal Facility","sw_program_id":"32-02"}},{"geometry":{"type":"Point","coordinates":[-85.89528541056984,39.13812835984605],"crs":null},"type":"Feature","properties":{"county":"Bartholomew","master_ai_id":15603,"facility_type":"Municipal Solid Waste Landfill","facility_name":"Bartholomew County Landfill II","sw_program_id":"03-08"}},{"geometry":{"type":"Point","coordinates":[-87.33713200023455,41.607862999895126],"crs":null},"type":"Feature","properties":{"county":"Lake","master_ai_id":11591,"facility_type":"Non-Municipal Solid Waste Landfill","facility_name":"US Steel Gary Works Nonmunicipal SW LF","sw_program_id":"45-29"}},{"geometry":{"type":"Point","coordinates":[-85.75335700048738,38.31760999995867],"crs":null},"type":"Feature","properties":{"county":"Clark","master_ai_id":15054,"facility_type":"Waste Tire Transporter","facility_name":"Gotta Go Inc","sw_program_id":"010-T-00749"}},{"geometry":{"type":"Point","coordinates":[-85.46750299917359,38.710745999935334],"crs":null},"type":"Feature","properties":{"county":"Jefferson","master_ai_id":46433,"facility_type":"Composting (Vegetative)","facility_name":"Hanover Composting Facility","sw_program_id":"39-02C"}},{"geometry":{"type":"Point","coordinates":[-85.4092298096011,39.88189794030245],"crs":null},"type":"Feature","properties":{"county":"Henry","master_ai_id":44782,"facility_type":"Municipal Solid Waste Landfill","facility_name":"Rumpke Henry County Landfill","sw_program_id":"33-01"}},{"geometry":{"type":"Point","coordinates":[-87.17877941967552,41.58645612032467],"crs":null},"type":"Feature","properties":{"county":"Porter","master_ai_id":101153,"facility_type":"Composting (Vegetative)","facility_name":"Portage City Composting Facility","sw_program_id":"64-08C"}},{"geometry":{"type":"Point","coordinates":[-86.66921353005058,41.65232784996355],"crs":null},"type":"Feature","properties":{"county":"La Porte","master_ai_id":35795,"facility_type":"Restricted Waste Site Type I","facility_name":"LaPorte Technologies","sw_program_id":"46-08"}},{"geometry":{"type":"Point","coordinates":[-85.1796037601709,41.01883047050681],"crs":null},"type":"Feature","properties":{"county":"Allen","master_ai_id":2214,"facility_type":"Waste Tire Transporter","facility_name":"GFL Environmental Inc","sw_program_id":"002-T-00792"}},{"geometry":{"type":"Point","coordinates":[-86.49855528916672,38.82070079977459],"crs":null},"type":"Feature","properties":{"county":"Lawrence","master_ai_id":38302,"facility_type":"Waste Tire Transporter","facility_name":"Lawrence County Solid Waste Transfer Station","sw_program_id":"047-T-00457"}},{"geometry":{"type":"Point","coordinates":[-88.00320900094002,37.84297100022021],"crs":null},"type":"Feature","properties":{"county":"Posey","master_ai_id":134760,"facility_type":"Waste Tire Transporter","facility_name":"Price Excavating and Trucking LLC","sw_program_id":"065-T-00800"}},{"geometry":{"type":"Point","coordinates":[-87.19048999978173,41.190779999440835],"crs":null},"type":"Feature","properties":{"county":"Jasper","master_ai_id":12488,"facility_type":"Transfer Station","facility_name":"Ooms Brothers Disposal Transfer Station","sw_program_id":"37-02"}},{"geometry":{"type":"Point","coordinates":[-87.25140000039244,38.52750000045791],"crs":null},"type":"Feature","properties":{"county":"Pike","master_ai_id":12096,"facility_type":"Restricted Waste Site Type III","facility_name":"IPL PETERSBURG GENERATING STATION RWS 3","sw_program_id":"63-02"}},{"geometry":{"type":"Point","coordinates":[-85.42155340970318,38.73959122052598],"crs":null},"type":"Feature","properties":{"county":"Jefferson","master_ai_id":11735,"facility_type":"Restricted Waste Site Type I","facility_name":"Clifty Creek Coal Ash Disposal RWS 1","sw_program_id":"39-04"}},{"geometry":{"type":"Point","coordinates":[-86.87804800006157,40.7655249997091],"crs":null},"type":"Feature","properties":{"county":"White","master_ai_id":56345,"facility_type":"Composting (Vegetative)","facility_name":"Biotown Ag Inc","sw_program_id":"91-01C"}},{"geometry":{"type":"Point","coordinates":[-87.09086199970777,39.99645400027315],"crs":null},"type":"Feature","properties":{"county":"Montgomery","master_ai_id":106912,"facility_type":"Transfer Station","facility_name":"T & S Transfer & Recycling","sw_program_id":"54-05"}},{"geometry":{"type":"Point","coordinates":[-87.20616066961409,38.32981666988186],"crs":null},"type":"Feature","properties":{"county":"Pike","master_ai_id":12130,"facility_type":"Composting (Vegetative)","facility_name":"Advanced Disposal Services Blackfoot Landfill Compost","sw_program_id":"63-02C"}},{"geometry":{"type":"Point","coordinates":[-86.1079679996381,39.54957198996062],"crs":null},"type":"Feature","properties":{"county":"Johnson","master_ai_id":13906,"facility_type":"Composting (Vegetative)","facility_name":"New Whiteland Waste Water Treatment Plant","sw_program_id":"41-01C"}},{"geometry":{"type":"Point","coordinates":[-84.82999999954427,39.85000000021102],"crs":null},"type":"Feature","properties":{"county":"Wayne","master_ai_id":13943,"facility_type":"Municipal Solid Waste Landfill","facility_name":"New Paris Pike Landfill","sw_program_id":"89-02"}},{"geometry":{"type":"Point","coordinates":[-86.18802090991872,39.73520422972635],"crs":null},"type":"Feature","properties":{"county":"Marion","master_ai_id":12552,"facility_type":"Solid Waste Incinerator > = 10 Tons/Day","facility_name":"Reworld Solutions","sw_program_id":"49-13"}},{"geometry":{"type":"Point","coordinates":[-85.20833113931675,41.037898309679015],"crs":null},"type":"Feature","properties":{"county":"Allen","master_ai_id":15398,"facility_type":"Municipal Solid Waste Landfill","facility_name":"United Refuse Landfill","sw_program_id":"02-03"}},{"geometry":{"type":"Point","coordinates":[-87.17386700013193,38.65055999956475],"crs":null},"type":"Feature","properties":{"county":"Daviess","master_ai_id":8964,"facility_type":"Composting (Vegetative)","facility_name":"Washington Composting Facility","sw_program_id":"14-01C"}},{"geometry":{"type":"Point","coordinates":[-85.33692700040855,40.13776099987627],"crs":null},"type":"Feature","properties":{"county":"Delaware","master_ai_id":128246,"facility_type":"Composting (Vegetative)","facility_name":"ScrapCycle Composting","sw_program_id":"18-008C"}},{"geometry":{"type":"Point","coordinates":[-87.08654749999525,41.47799197986745],"crs":null},"type":"Feature","properties":{"county":"Porter","master_ai_id":52806,"facility_type":"Composting (Vegetative)","facility_name":"Valparaiso Municipal Composting Site","sw_program_id":"64-01C"}},{"geometry":{"type":"Point","coordinates":[-85.42821068063253,39.30610546012754],"crs":null},"type":"Feature","properties":{"county":"Decatur","master_ai_id":1476,"facility_type":"Municipal Solid Waste Landfill","facility_name":"Decatur Hills Landfill","sw_program_id":"16-03"}},{"geometry":{"type":"Point","coordinates":[-86.55923300033369,40.32969899986387],"crs":null},"type":"Feature","properties":{"county":"Clinton","master_ai_id":107918,"facility_type":"Municipal Solid Waste Landfill","facility_name":"Walnut Creek Landfill","sw_program_id":"12-03"}},{"geometry":{"type":"Point","coordinates":[-85.84134875028651,38.44807057012954],"crs":null},"type":"Feature","properties":{"county":"Clark","master_ai_id":3718,"facility_type":"Municipal Solid Waste Landfill","facility_name":"Clark Floyd Landfill","sw_program_id":"10-01"}},{"geometry":{"type":"Point","coordinates":[-86.10316199999413,39.81132500016032],"crs":null},"type":"Feature","properties":{"county":"Marion","master_ai_id":119869,"facility_type":"Waste Tire Transporter","facility_name":"Issa Parker Tire Transporting","sw_program_id":"049-T-00651"}},{"geometry":{"type":"Point","coordinates":[-86.88672000026311,40.04028000037162],"crs":null},"type":"Feature","properties":{"county":"Montgomery","master_ai_id":101025,"facility_type":"Waste Tire Processing","facility_name":"W Enterprises LLC","sw_program_id":"054-P-00791"}},{"geometry":{"type":"Point","coordinates":[-83.18781700016548,42.2923240004506],"crs":null},"type":"Feature","properties":{"county":"Out of State","master_ai_id":110627,"facility_type":"Waste Tire Transporter","facility_name":"Belle Tire","sw_program_id":"094-T-00613"}},{"geometry":{"type":"Point","coordinates":[-86.49855528916672,38.82070079977459],"crs":null},"type":"Feature","properties":{"county":"Lawrence","master_ai_id":38302,"facility_type":"Transfer Station","facility_name":"Lawrence County Solid Waste Transfer Station","sw_program_id":"47-04"}},{"geometry":{"type":"Point","coordinates":[-87.03018600000831,37.92932599947692],"crs":null},"type":"Feature","properties":{"county":"Spencer","master_ai_id":12105,"facility_type":"Restricted Waste Site Type I","facility_name":"Rockport Plant Ash RWS 1","sw_program_id":"74-02"}},{"geometry":{"type":"Point","coordinates":[-85.21858999991674,41.031129999795986],"crs":null},"type":"Feature","properties":{"county":"Allen","master_ai_id":15264,"facility_type":"Composting (Vegetative)","facility_name":"National Serv All Compost","sw_program_id":"02-01C"}},{"geometry":{"type":"Point","coordinates":[-85.69941520997766,41.70436576992426],"crs":null},"type":"Feature","properties":{"county":"Elkhart","master_ai_id":12872,"facility_type":"Biomass Waste Processor","facility_name":"Culver Duck Biomass Power Generation Facility","sw_program_id":"20-01B"}},{"geometry":{"type":"Point","coordinates":[-87.45565859978912,41.289943419821206],"crs":null},"type":"Feature","properties":{"county":"Not Determined","master_ai_id":13316,"facility_type":"Construction/Demolition Site","facility_name":"Lake County C D Site","sw_program_id":"45-38"}},{"geometry":{"type":"Point","coordinates":[-86.93419599913211,38.96151199950377],"crs":null},"type":"Feature","properties":{"county":"Greene","master_ai_id":127896,"facility_type":"Transfer Station","facility_name":"Greene Transfer Station","sw_program_id":"28-004"}},{"geometry":{"type":"Point","coordinates":[-87.28631300066412,38.81247700032159],"crs":null},"type":"Feature","properties":{"county":"Knox","master_ai_id":107994,"facility_type":"Resource Recovery System","facility_name":"Bicknell Yard Mullins Supply","sw_program_id":"42-10"}},{"geometry":{"type":"Point","coordinates":[-86.36164772087733,39.95036677986033],"crs":null},"type":"Feature","properties":{"county":"Boone","master_ai_id":7177,"facility_type":"Transfer Station","facility_name":"Indy Northwest Transfer Lebanon","sw_program_id":"06-08"}},{"geometry":{"type":"Point","coordinates":[-85.65721699963943,38.3297940001281],"crs":null},"type":"Feature","properties":{"county":"Clark","master_ai_id":1461,"facility_type":"Composting (Vegetative)","facility_name":"Nugent Sand Company","sw_program_id":"10-05C"}},{"geometry":{"type":"Point","coordinates":[-87.39383300027912,41.614962999931535],"crs":null},"type":"Feature","properties":{"county":"Lake","master_ai_id":106633,"facility_type":"Composting (Vegetative)","facility_name":"Greentree Enterprises LLC 2","sw_program_id":"45-26C"}},{"geometry":{"type":"Point","coordinates":[-87.37442899953005,41.55569700050665],"crs":null},"type":"Feature","properties":{"county":"Lake","master_ai_id":107996,"facility_type":"Composting (Vegetative)","facility_name":"Lake County Solid Waste Management District Leaf Compost Project","sw_program_id":"45-30C"}},{"geometry":{"type":"Point","coordinates":[-86.0978500001646,39.60926299991332],"crs":null},"type":"Feature","properties":{"county":"Johnson","master_ai_id":30983,"facility_type":"Solidification Facility","facility_name":"Liquid Waste Removal Processing Facility","sw_program_id":"41-04"}},{"geometry":{"type":"Point","coordinates":[-87.25753979031754,38.016816950137205],"crs":null},"type":"Feature","properties":{"county":"Warrick","master_ai_id":61272,"facility_type":"Resource Recovery System","facility_name":"Renewable Resources","sw_program_id":"87-13"}},{"geometry":{"type":"Point","coordinates":[-86.937769000012,40.43867200038864],"crs":null},"type":"Feature","properties":{"county":"Tippecanoe","master_ai_id":116385,"facility_type":"Composting (Vegetative)","facility_name":"Purdue Student Farm Composting","sw_program_id":"79-013C"}},{"geometry":{"type":"Point","coordinates":[-85.78386400033168,39.78124099997711],"crs":null},"type":"Feature","properties":{"county":"Hancock","master_ai_id":126910,"facility_type":"Medical Waste Processor","facility_name":"03PureMed LLC","sw_program_id":"30-08"}},{"geometry":{"type":"Point","coordinates":[-85.61289399965413,39.97694099946616],"crs":null},"type":"Feature","properties":{"county":"Madison","master_ai_id":107600,"facility_type":"Waste Tire Processing","facility_name":"Motsinger Tire Company","sw_program_id":"048-P-00604"}},{"geometry":{"type":"Point","coordinates":[-87.55832000004442,41.64247699995372],"crs":null},"type":"Feature","properties":{"county":"Out of State","master_ai_id":133491,"facility_type":"Waste Tire Transporter","facility_name":"Mr Bult's Inc","sw_program_id":"998-T-00777"}},{"geometry":{"type":"Point","coordinates":[-86.1044034596606,39.7553978102286],"crs":null},"type":"Feature","properties":{"county":"Marion","master_ai_id":12347,"facility_type":"Transfer Station","facility_name":"Circle City Recycling & Transfer Station","sw_program_id":"49-37"}},{"geometry":{"type":"Point","coordinates":[-85.18735499976978,41.025053999779836],"crs":null},"type":"Feature","properties":{"county":"Allen","master_ai_id":1163,"facility_type":"Transfer Station","facility_name":"Bunn Box Inc. Recycling & Transfer Station","sw_program_id":"02-13"}},{"geometry":{"type":"Point","coordinates":[-84.85992000000034,39.08300299975534],"crs":null},"type":"Feature","properties":{"county":"Dearborn","master_ai_id":14850,"facility_type":"Restricted Waste Site Type I","facility_name":"Tanners Creek Plant Landfill RWS I","sw_program_id":"15-12"}},{"geometry":{"type":"Point","coordinates":[-86.39548899992658,40.734988000227816],"crs":null},"type":"Feature","properties":{"county":"Cass","master_ai_id":7183,"facility_type":"Composting (Vegetative)","facility_name":"Cass County Composting Site","sw_program_id":"09-01C"}},{"geometry":{"type":"Point","coordinates":[-87.39935795062023,39.469723819772106],"crs":null},"type":"Feature","properties":{"county":"Vigo","master_ai_id":106403,"facility_type":"Composting (Vegetative)","facility_name":"ISU Community Garden","sw_program_id":"84-04C"}},{"geometry":{"type":"Point","coordinates":[-86.91121198007355,40.04564442995754],"crs":null},"type":"Feature","properties":{"county":"Montgomery","master_ai_id":46317,"facility_type":"Transfer Station","facility_name":"Crawfordsville Transfer Station","sw_program_id":"54-02"}},{"geometry":{"type":"Point","coordinates":[-85.78220203026883,39.53794059948592],"crs":null},"type":"Feature","properties":{"county":"Shelby","master_ai_id":52464,"facility_type":"Transfer Station","facility_name":"Shelby County Transfer Station","sw_program_id":"73-04"}},{"geometry":{"type":"Point","coordinates":[-86.55135199946382,39.09239699938539],"crs":null},"type":"Feature","properties":{"county":"Monroe","master_ai_id":11892,"facility_type":"Non-Municipal Solid Waste Landfill","facility_name":"Dillman Road WWTP Landfill","sw_program_id":"53-02"}},{"geometry":{"type":"Point","coordinates":[-87.34955398953053,40.9259489995927],"crs":null},"type":"Feature","properties":{"county":"Newton","master_ai_id":10787,"facility_type":"Municipal Solid Waste Landfill","facility_name":"Newton County Landfill","sw_program_id":"56-05"}},{"geometry":{"type":"Point","coordinates":[-86.92898592002457,39.843909170235776],"crs":null},"type":"Feature","properties":{"county":"Putnam","master_ai_id":12106,"facility_type":"Municipal Solid Waste Landfill","facility_name":"Arcwood Landfill MSW","sw_program_id":"67-04"}},{"geometry":{"type":"Point","coordinates":[-84.82999999954427,39.85000000021102],"crs":null},"type":"Feature","properties":{"county":"Wayne","master_ai_id":13943,"facility_type":"Waste Tire Transporter","facility_name":"New Paris Pike Landfill","sw_program_id":"089-T-00456"}},{"geometry":{"type":"Point","coordinates":[-85.75378300059637,40.71225300012898],"crs":null},"type":"Feature","properties":{"county":"Wabash","master_ai_id":57139,"facility_type":"Biomass Waste Processor","facility_name":"TD La Fontaine Biogas LLC","sw_program_id":"85-001B"}},{"geometry":{"type":"Point","coordinates":[-85.75335700048738,38.31760999995867],"crs":null},"type":"Feature","properties":{"county":"Not Determined","master_ai_id":15054,"facility_type":"Waste Tire Transporter","facility_name":"Gotta Go Inc","sw_program_id":"010-T-00749"}},{"geometry":{"type":"Point","coordinates":[-86.37543498954065,40.09035199964413],"crs":null},"type":"Feature","properties":{"county":"Boone","master_ai_id":7182,"facility_type":"Composting (Vegetative)","facility_name":"Lamb Farms Incorporated","sw_program_id":"06-02C"}},{"geometry":{"type":"Point","coordinates":[-86.65272399916958,39.159462999742686],"crs":null},"type":"Feature","properties":{"county":"Monroe","master_ai_id":119675,"facility_type":"Composting (Vegetative)","facility_name":"Mary's Children Inc","sw_program_id":"53-013C"}},{"geometry":{"type":"Point","coordinates":[-87.42861700000554,39.849513999881495],"crs":null},"type":"Feature","properties":{"county":"Vermillion","master_ai_id":122625,"facility_type":"Waste Tire Transporter","facility_name":"Pyrolyx Tire Recycling, LLC dba Preferred Tire Recycling","sw_program_id":"083-T-00760"}},{"geometry":{"type":"Point","coordinates":[-85.74286500084831,38.35654000007036],"crs":null},"type":"Feature","properties":{"county":"Clark","master_ai_id":6517,"facility_type":"Medical Waste Processor","facility_name":"Specific Waste Industries, LLC","sw_program_id":"10-014"}},{"geometry":{"type":"Point","coordinates":[-85.1400039897997,39.64998899978505],"crs":null},"type":"Feature","properties":{"county":"Fayette","master_ai_id":3861,"facility_type":"Composting (Vegetative)","facility_name":"Connersville Street Department Compost Facility","sw_program_id":"21-01C"}},{"geometry":{"type":"Point","coordinates":[-86.61106899030268,41.27356000028056],"crs":null},"type":"Feature","properties":{"county":"Starke","master_ai_id":61630,"facility_type":"Composting (Vegetative)","facility_name":"Knox Compost Facility","sw_program_id":"75-02C"}},{"geometry":{"type":"Point","coordinates":[-86.53124199952914,39.08593600000964],"crs":null},"type":"Feature","properties":{"county":"Monroe","master_ai_id":46940,"facility_type":"Composting (Vegetative)","facility_name":"Good Earth LLC","sw_program_id":"53-01C"}},{"geometry":{"type":"Point","coordinates":[-84.98386298979894,40.18184599957892],"crs":null},"type":"Feature","properties":{"county":"Randolph","master_ai_id":61631,"facility_type":"Composting (Vegetative)","facility_name":"Winchester Compost Facility","sw_program_id":"68-02C"}},{"geometry":{"type":"Point","coordinates":[-86.2786699896859,40.02779199982444],"crs":null},"type":"Feature","properties":{"county":"Not Determined","master_ai_id":8825,"facility_type":"Transfer Station","facility_name":"Boone County Resource Recovery Systems Transfer Station","sw_program_id":"06-06"}},{"geometry":{"type":"Point","coordinates":[-84.82999999954427,39.85000000021102],"crs":null},"type":"Feature","properties":{"county":"Wayne","master_ai_id":13943,"facility_type":"Waste Tire Processing","facility_name":"New Paris Pike Landfill","sw_program_id":"089-P-00804"}},{"geometry":{"type":"Point","coordinates":[-87.41921969929682,41.587922759810894],"crs":null},"type":"Feature","properties":{"county":"Lake","master_ai_id":26321,"facility_type":"Transfer Station","facility_name":"Waste Management of Northwest Indiana Transfer Station","sw_program_id":"45-40"}},{"geometry":{"type":"Point","coordinates":[-86.9289609996756,40.41610499977457],"crs":null},"type":"Feature","properties":{"county":"Tippecanoe","master_ai_id":133060,"facility_type":"Composting (Vegetative)","facility_name":"Purdue University Grounds Gravel Pit Compost Site #2","sw_program_id":"79-015C"}},{"geometry":{"type":"Point","coordinates":[-85.95657780012857,40.45287235061434],"crs":null},"type":"Feature","properties":{"county":"Howard","master_ai_id":48246,"facility_type":"Resource Recovery System","facility_name":"Touby Pike Recycling Center","sw_program_id":"34-07"}},{"geometry":{"type":"Point","coordinates":[-85.99402599970549,41.69785299987192],"crs":null},"type":"Feature","properties":{"county":"Elkhart","master_ai_id":37282,"facility_type":"Solidification Facility","facility_name":"Elkhart Environmental Processing Corporation","sw_program_id":"20-10"}},{"geometry":{"type":"Point","coordinates":[-87.3810667305578,41.548070770435494],"crs":null},"type":"Feature","properties":{"county":"Lake","master_ai_id":25903,"facility_type":"Waste Tire Transporter","facility_name":"Tires Enterprises Corporation","sw_program_id":"045-T-00713"}},{"geometry":{"type":"Point","coordinates":[-85.82991874988888,41.26644100964499],"crs":null},"type":"Feature","properties":{"county":"Kosciusko","master_ai_id":45144,"facility_type":"Municipal Solid Waste Landfill","facility_name":"Hoosier Landfill 2","sw_program_id":"43-16"}},{"geometry":{"type":"Point","coordinates":[-86.43457868012197,41.52303178996195],"crs":null},"type":"Feature","properties":{"county":"St Joseph","master_ai_id":37144,"facility_type":"Waste Tire Processing","facility_name":"Liberty Tire Recycling\r\n","sw_program_id":"071-P-00497"}},{"geometry":{"type":"Point","coordinates":[-87.41633300073903,41.62577400014225],"crs":null},"type":"Feature","properties":{"county":"Lake","master_ai_id":109308,"facility_type":"Resource Recovery System","facility_name":"Innofuel Energy Solutions, LLC","sw_program_id":"45-49"}},{"geometry":{"type":"Point","coordinates":[-87.46156813021231,41.633441250378084],"crs":null},"type":"Feature","properties":{"county":"Lake","master_ai_id":11560,"facility_type":"Solidification Facility","facility_name":"Tradebe Treatment & Recycling LLC","sw_program_id":"45-47"}},{"geometry":{"type":"Point","coordinates":[-87.42861700000554,39.849513999881495],"crs":null},"type":"Feature","properties":{"county":"Vermillion","master_ai_id":122625,"facility_type":"Waste Tire Storage","facility_name":"Pyrolyx Tire Recycling, LLC dba Preferred Tire Recycling","sw_program_id":"083-S-00759"}},{"geometry":{"type":"Point","coordinates":[-86.70133699923115,41.52394500008764],"crs":null},"type":"Feature","properties":{"county":"La Porte","master_ai_id":124045,"facility_type":"Solid Waste Processing Facility - Other","facility_name":"Kingsbury Biofuels ","sw_program_id":"46-011"}},{"geometry":{"type":"Point","coordinates":[-86.39119200045843,39.978381989721214],"crs":null},"type":"Feature","properties":{"county":"Boone","master_ai_id":7181,"facility_type":"Composting (Vegetative)","facility_name":"Greencycle Whitestown","sw_program_id":"06-01C"}},{"geometry":{"type":"Point","coordinates":[-85.84106237976006,38.9473032704452],"crs":null},"type":"Feature","properties":{"county":"Jackson","master_ai_id":36943,"facility_type":"Transfer Station","facility_name":"Jackson County Transfer & Recycling Station","sw_program_id":"36-07"}},{"geometry":{"type":"Point","coordinates":[-85.17793309956713,39.09765176032842],"crs":null},"type":"Feature","properties":{"county":"Ripley","master_ai_id":61258,"facility_type":"Waste Tire Storage","facility_name":"T & T Tire Removal Waste Tire Storage","sw_program_id":"069-S-00653"}},{"geometry":{"type":"Point","coordinates":[-87.24159660022895,40.10902014987981],"crs":null},"type":"Feature","properties":{"county":"Fountain","master_ai_id":36341,"facility_type":"Composting (Vegetative)","facility_name":"Fountain County Recycle App Station Compost Site","sw_program_id":"23-01C"}},{"geometry":{"type":"Point","coordinates":[-87.48070299974943,41.64514800045867],"crs":null},"type":"Feature","properties":{"county":"Lake","master_ai_id":19936,"facility_type":"Solidification Facility","facility_name":"Tierra Environmental Services","sw_program_id":"45-42"}},{"geometry":{"type":"Point","coordinates":[-87.31808900013044,41.456555989869415],"crs":null},"type":"Feature","properties":{"county":"Lake","master_ai_id":25060,"facility_type":"Composting (Vegetative)","facility_name":"Merrillville Compost Facility","sw_program_id":"45-17C"}},{"geometry":{"type":"Point","coordinates":[-86.1627369903151,41.65835100008851],"crs":null},"type":"Feature","properties":{"county":"St Joseph","master_ai_id":37641,"facility_type":"Composting (Vegetative)","facility_name":"Household Hazardous Waste & Recycling Center","sw_program_id":"71-02C"}},{"geometry":{"type":"Point","coordinates":[-85.8978820500401,39.18713152979374],"crs":null},"type":"Feature","properties":{"county":"Bartholomew","master_ai_id":2242,"facility_type":"Construction/Demolition Site","facility_name":"City Garage Construction Demolition Disposal Site","sw_program_id":"03-06"}},{"geometry":{"type":"Point","coordinates":[-86.2786699896859,40.02779199982444],"crs":null},"type":"Feature","properties":{"county":"Boone","master_ai_id":8825,"facility_type":"Transfer Station","facility_name":"Boone County Resource Recovery Systems Transfer Station","sw_program_id":"06-06"}},{"geometry":{"type":"Point","coordinates":[-87.33345511074347,39.309328589566526],"crs":null},"type":"Feature","properties":{"county":"Vigo","master_ai_id":55326,"facility_type":"Composting (Vegetative)","facility_name":"Victory Environmental Services","sw_program_id":"84-02C"}},{"geometry":{"type":"Point","coordinates":[-85.37020300005227,40.45646099009554],"crs":null},"type":"Feature","properties":{"county":"Blackford","master_ai_id":3332,"facility_type":"Composting (Vegetative)","facility_name":"Hartford City","sw_program_id":"05-01C"}},{"geometry":{"type":"Point","coordinates":[-86.44150199987472,39.59292799958585],"crs":null},"type":"Feature","properties":{"county":"Morgan","master_ai_id":46942,"facility_type":"Composting (Vegetative)","facility_name":"Greendell Farm ","sw_program_id":"55-01C"}},{"geometry":{"type":"Point","coordinates":[-87.4826680802102,39.6625244896086],"crs":null},"type":"Feature","properties":{"county":"Vermillion","master_ai_id":56940,"facility_type":"Municipal Solid Waste Landfill","facility_name":"West Clinton Landfill","sw_program_id":"83-08"}},{"geometry":{"type":"Point","coordinates":[-85.71950999946107,40.10194600000566],"crs":null},"type":"Feature","properties":{"county":"Madison","master_ai_id":119545,"facility_type":"Waste Tire Transporter","facility_name":"Haynes Tire Recycling","sw_program_id":"048-T-00650"}},{"geometry":{"type":"Point","coordinates":[-87.61500999987008,41.523793999472495],"crs":null},"type":"Feature","properties":{"county":"Out of State","master_ai_id":116523,"facility_type":"Waste Tire Transporter","facility_name":"K & S Tire Recycling Incorporated","sw_program_id":"093-T-00635"}},{"geometry":{"type":"Point","coordinates":[-85.1886769997963,41.01929899958435],"crs":null},"type":"Feature","properties":{"county":"Allen","master_ai_id":116676,"facility_type":"Waste Tire Transporter","facility_name":"Reilley Trucking Incorporated","sw_program_id":"002-T-00636"}},{"geometry":{"type":"Point","coordinates":[-87.39394343993483,41.6124801104199],"crs":null},"type":"Feature","properties":{"county":"Lake","master_ai_id":101149,"facility_type":"Composting (Vegetative)","facility_name":"Greentree Enterprises Composting Facility","sw_program_id":"45-24C"}},{"geometry":{"type":"Point","coordinates":[-86.94070489078997,38.38300289013927],"crs":null},"type":"Feature","properties":{"county":"Dubois","master_ai_id":7162,"facility_type":"Composting (Vegetative)","facility_name":"Jasper Street Department","sw_program_id":"19-03C"}},{"geometry":{"type":"Point","coordinates":[-85.98870345933815,39.855974059407906],"crs":null},"type":"Feature","properties":{"county":"Marion","master_ai_id":12311,"facility_type":"Transfer Station","facility_name":"56th St Recycling & Transfer Facility","sw_program_id":"49-49"}},{"geometry":{"type":"Point","coordinates":[-87.47225603953667,38.09240520023096],"crs":null},"type":"Feature","properties":{"county":"Vanderburgh","master_ai_id":100562,"facility_type":"Transfer Station","facility_name":"Evansville Transfer Station","sw_program_id":"82-20"}},{"geometry":{"type":"Point","coordinates":[-86.29665437930956,39.74131263994268],"crs":null},"type":"Feature","properties":{"county":"Marion","master_ai_id":17577,"facility_type":"Transfer Station","facility_name":"Arcwood Transport LLC","sw_program_id":"49-62"}},{"geometry":{"type":"Point","coordinates":[-85.25843898045795,41.41178495001132],"crs":null},"type":"Feature","properties":{"county":"Noble","master_ai_id":46995,"facility_type":"Transfer Station","facility_name":"Kendallville Iron & Metal Transfer Station","sw_program_id":"57-02"}},{"geometry":{"type":"Point","coordinates":[-86.64442199958972,38.07198900046338],"crs":null},"type":"Feature","properties":{"county":"Perry","master_ai_id":114893,"facility_type":"Restricted Waste Site Type II","facility_name":"Waupaca Foundry Incorporated RWS II","sw_program_id":"62-08"}},{"geometry":{"type":"Point","coordinates":[-86.0242240003037,39.15025000044263],"crs":null},"type":"Feature","properties":{"county":"Bartholomew","master_ai_id":133449,"facility_type":"Composting (Vegetative)","facility_name":"Integrated Elements Compost LLC","sw_program_id":"03-010C"}},{"geometry":{"type":"Point","coordinates":[-86.61322963019235,41.04780726989418],"crs":null},"type":"Feature","properties":{"county":"Pulaski","master_ai_id":52460,"facility_type":"Transfer Station","facility_name":"Pulaski County Transfer Station","sw_program_id":"66-02"}},{"geometry":{"type":"Point","coordinates":[-86.23166699948814,39.77027799987586],"crs":null},"type":"Feature","properties":{"county":"Marion","master_ai_id":103447,"facility_type":"Solidification Facility","facility_name":"Merrell Brothers Inc. Indy Disposal Solutions","sw_program_id":"49-53"}},{"geometry":{"type":"Point","coordinates":[-76.68869599993049,39.92772000023763],"crs":null},"type":"Feature","properties":{"county":"Out of State","master_ai_id":135313,"facility_type":"Waste Tire Transporter","facility_name":"Ecore Transport Company","sw_program_id":"998-T-00814"}},{"geometry":{"type":"Point","coordinates":[-85.98057646993095,41.63005641941855],"crs":null},"type":"Feature","properties":{"county":"Elkhart","master_ai_id":30878,"facility_type":"Composting (Vegetative)","facility_name":"Elkhart County Landfill","sw_program_id":"20-02C"}},{"geometry":{"type":"Point","coordinates":[-86.43457868012197,41.52303178996195],"crs":null},"type":"Feature","properties":{"county":"St Joseph","master_ai_id":37144,"facility_type":"Waste Tire Transporter","facility_name":"Liberty Tire Services LLC dba Dillon Tire Recycling Incorporated","sw_program_id":"071-T-00025"}},{"geometry":{"type":"Point","coordinates":[-87.14861800002069,40.17538100022891],"crs":null},"type":"Feature","properties":{"county":"Fountain","master_ai_id":134396,"facility_type":"Composting (Vegetative)","facility_name":"Dagger eco-Solutions LLC","sw_program_id":"23-003C"}},{"geometry":{"type":"Point","coordinates":[-86.25137700054962,41.7585299999209],"crs":null},"type":"Feature","properties":{"county":"St Joseph","master_ai_id":131894,"facility_type":"Waste Tire Transporter","facility_name":"DMT Auto Core","sw_program_id":"071-T-00761"}},{"geometry":{"type":"Point","coordinates":[-85.37016729030519,40.41935651968664],"crs":null},"type":"Feature","properties":{"county":"Blackford","master_ai_id":5264,"facility_type":"Waste Tire Transporter","facility_name":"Wilson Performance & Fabrication, LLC dba Wilson Tire","sw_program_id":"005-T-00801"}},{"geometry":{"type":"Point","coordinates":[-85.95842897960837,40.00906550986592],"crs":null},"type":"Feature","properties":{"county":"Hamilton","master_ai_id":13985,"facility_type":"Transfer Station","facility_name":"Hamilton County Transfer Station","sw_program_id":"29-02"}},{"geometry":{"type":"Point","coordinates":[-87.59490366980975,38.03689851988621],"crs":null},"type":"Feature","properties":{"county":"Vanderburgh","master_ai_id":13886,"facility_type":"Municipal Solid Waste Landfill","facility_name":"Laubscher Meadows Landfill","sw_program_id":"82-02"}},{"geometry":{"type":"Point","coordinates":[-86.17811400027455,39.72211499982848],"crs":null},"type":"Feature","properties":{"county":"Marion","master_ai_id":106933,"facility_type":"Waste Tire Storage","facility_name":"Liberty Tire Services of Ohio LLC","sw_program_id":"049-S-00567"}},{"geometry":{"type":"Point","coordinates":[-87.53516199996801,38.301065000132425],"crs":null},"type":"Feature","properties":{"county":"Gibson","master_ai_id":106899,"facility_type":"Composting (Vegetative)","facility_name":"Gibson County Solid Waste Management District Princeton 2","sw_program_id":"26-02C"}},{"geometry":{"type":"Point","coordinates":[-86.64436059971504,40.56583265996551],"crs":null},"type":"Feature","properties":{"county":"Carroll","master_ai_id":7167,"facility_type":"Transfer Station","facility_name":"Carroll County Transfer Station","sw_program_id":"08-03"}},{"geometry":{"type":"Point","coordinates":[-85.4711239995829,41.15856800051604],"crs":null},"type":"Feature","properties":{"county":"Whitley","master_ai_id":55077,"facility_type":"Composting (Vegetative)","facility_name":"Morsches Park Compost Facility","sw_program_id":"92-01C"}},{"geometry":{"type":"Point","coordinates":[-85.65895500044451,40.577662000757215],"crs":null},"type":"Feature","properties":{"county":"Grant","master_ai_id":111133,"facility_type":"Transfer Station","facility_name":"Marion Utilities Transfer Station","sw_program_id":"27-05"}},{"geometry":{"type":"Point","coordinates":[-86.34681300060598,41.354410000389166],"crs":null},"type":"Feature","properties":{"county":"Marshall","master_ai_id":130953,"facility_type":"Solid Waste Processing Facility - Other","facility_name":"Divert Recovery Facility","sw_program_id":"50-006"}},{"geometry":{"type":"Point","coordinates":[-85.41292590079875,38.77235423006178],"crs":null},"type":"Feature","properties":{"county":"Jefferson","master_ai_id":43237,"facility_type":"Composting (Vegetative)","facility_name":"Hanover College Composting","sw_program_id":"39-003C"}}],"type":"FeatureCollection","properties":{"exceededTransferLimit":false}}